Function,statistic,LA-KAIE-Full,HBA,MPA,MPHB,MPHBS,LA-KAIE-NoLandscape,LA-KAIE-NoInteraction,LA-KAIE-NoKnowledgeReward,LA-KAIE-DimensionOnly,LA-KAIE-RandomExchange,LA-KAIE-FixedPolicy,LA-KAIE-NoAdaptiveController
1,Mean,1.0231815394945443e-13,6.437348588406167e-07,0.00015772246882761465,0.0008527536883661923,2.649394787113124e-07,1.1368683772161603e-13,2.1600499167107045e-13,1.2505552149377764e-13,1.7053025658242404e-13,1.3642420526593923e-13,9.742961992742494e-12,1.0070266398543026e-08
1,Std,4.7558616332371205e-14,1.4359794734254937e-06,0.00012578851025132255,0.0007726803260325774,2.0199364531074784e-07,4.0194366942304644e-14,4.7558616332371205e-14,2.5421149729252078e-14,5.684341886080802e-14,3.1134422755779166e-14,1.1348030851549893e-11,1.129137480199929e-08
1,Median,1.1368683772161603e-13,1.1939960131712724e-09,0.0002118668560910919,0.0010181812251630618,1.9662240902107442e-07,1.1368683772161603e-13,2.2737367544323206e-13,1.1368683772161603e-13,1.7053025658242404e-13,1.1368683772161603e-13,3.126388037344441e-12,4.36307345808018e-09
1,Best,5.684341886080802e-14,2.9336888474063016e-10,2.484850142536743e-05,2.635173200360441e-05,1.189332010653743e-07,5.684341886080802e-14,1.7053025658242404e-13,1.1368683772161603e-13,1.1368683772161603e-13,1.1368683772161603e-13,6.252776074688882e-13,8.381562111026142e-10
1,Worst,1.7053025658242404e-13,3.2124912650033366e-06,0.00030260948932436804,0.0015947307979331526,6.086081043576996e-07,1.7053025658242404e-13,2.8421709430404007e-13,1.7053025658242404e-13,2.2737367544323206e-13,1.7053025658242404e-13,2.6432189770275727e-11,2.8755039238603786e-08
1,Rank,1.0,10.0,11.0,12.0,9.0,2.0,6.0,3.0,5.0,4.0,7.0,8.0
2,Mean,28.612885455285152,47.40887511469801,18.975117629573298,26.642456364836665,39.24087123458064,28.612885455283028,38.42982593288484,19.633791591793532,28.612885455282786,38.42979196067322,47.40887607842463,48.246677047091815
2,Std,26.175796302224207,2.29441508552659,25.618447788776063,23.151281187480183,19.75270991486994,26.17579630222711,21.559242734767274,26.884676360449067,26.17579630222741,21.55931842959885,2.29441376582544,1.8733820725036412
2,Median,44.89546931745133,49.08447897949469,0.7675625485996989,28.935609709841174,49.084478986124054,44.89546931745133,49.084478979481275,4.604316927725449e-12,44.89546931745133,49.08447897948122,49.08447897948122,49.084478979481275
2,Best,1.1368683772161603e-12,44.89546931745156,4.198623173579108e-07,0.009533661572561414,4.055449885423968,1.7053025658242404e-13,0.0002234085284271714,1.1368683772161603e-13,1.1368683772161603e-13,5.354747111141478e-05,44.89546931745133,44.89546931753375
2,Worst,49.08447897948122,49.084478979556366,49.084479438250696,49.08448016121258,49.0844789919546,49.08447897948122,49.08447897948173,49.08447897948122,49.08447897948122,49.084478979481275,49.0844789794819,49.084478979481446
2,Rank,6.0,10.0,1.0,3.0,9.0,5.0,8.0,2.0,4.0,7.0,11.0,12.0
3,Mean,0.3470683838804689,0.2733801984802085,0.002219401369802654,0.015665167702104556,2.4855595393091788e-05,0.5416626002697285,0.5962500500845408,0.16153424794408694,0.3739218510243063,0.04072197134621547,1.3004018228457426e-05,0.0003834608481838586
3,Std,0.2685421818556788,0.3937930977947661,0.001430009166467598,0.015343527621682142,2.7206090376586843e-05,0.6064076190731452,0.9631251039154938,0.21133439176183347,0.37166594086686705,0.026663778560970523,1.654633944801564e-05,0.0008145271960891412
3,Median,0.3835921019841635,0.05295367064900347,0.0020759608825073883,0.006303027672515782,1.4799878385929333e-05,0.15864438436346973,0.11640011544034223,0.09833183270336576,0.32950914932519026,0.049913208410771404,4.662554715650913e-06,2.5427895025131875e-06
3,Best,0.05064890033281699,0.002348798831349086,0.00043060461689492513,0.002540149516448764,8.49196010221931e-06,0.031215895649779668,0.11339013571125633,0.01137951821885963,0.01136503708573855,0.001521755672342806,3.188661139574833e-07,1.3675389709533192e-09
3,Worst,0.6956270241896618,0.9307269940032938,0.004417573395471663,0.03338454121660561,7.305140672997368e-05,1.3153952711097645,2.3114460759323947,0.5244738893571821,0.968442182061608,0.06975650121557919,3.914438457286451e-05,0.0018393997889916136
3,Rank,9.0,8.0,4.0,5.0,2.0,11.0,12.0,7.0,10.0,6.0,1.0,3.0
4,Mean,56.1155423985148,69.2489312222937,40.9922281159181,38.00737591181603,37.012411323064654,65.00166779620147,62.68221657711035,49.748166882817145,62.28426429803169,58.50342391133247,26.06812490545053,29.340740858914728
4,Std,11.225803485395923,20.42205981726305,6.799247475592058,11.69659301244484,7.87837453817259,12.569850315955176,22.916356768420652,5.311681314066544,8.162270684822726,8.798454897302786,6.269147041553616,6.475338737625404
4,Median,57.70742329768382,65.66710587550654,40.79322849189509,33.828558062805314,38.803332606296635,58.70246332453189,64.67219243255818,50.74438553239122,59.69737676748025,57.70743845657921,28.853788451237733,28.853787466647077
4,Best,39.79828662556929,43.77805200526427,31.838659655972492,27.85881772377695,27.858828409850844,55.71753041803072,28.853767269895684,41.78819970193672,52.73273421650572,48.752903025951696,14.924376421448642,22.884043199896837
4,Worst,70.6418910853348,96.51072059380738,49.747806410346584,57.70759727836685,45.767970119451206,86.2188164318352,89.5459514589329,55.717586153252114,72.6318091995214,72.63178900280695,29.848761699122292,39.79829166354193
4,Rank,7.0,12.0,5.0,4.0,3.0,11.0,10.0,6.0,9.0,8.0,1.0,2.0
5,Mean,374.95632771782243,491.3175296079402,43.90406494884612,19.914360234483684,32.968101533025106,638.145160107315,521.2813705761715,577.8245455817912,360.8802996577325,427.7266335981818,0.34421796830797574,0.16248740428295605
5,Std,284.5894514664138,245.25088174259656,67.96120105526398,15.027754761554172,44.23810950581099,287.328990786962,358.5705379117039,205.40221364977737,288.9674027061993,309.69224341012927,0.720687816353882,0.26701625185056693
5,Median,334.80787939635024,564.4076608413752,11.212148099563706,20.95054840568048,17.200781759688653,736.2090015268955,356.298600742128,584.2190511215408,263.2505064001016,304.1172904211196,8.796405381872319e-08,0.08952825041660617
5,Best,76.51716992058232,110.82442691998085,2.4506632675917217,2.726113823041601,2.5401838313141525,195.6102503602424,233.32984155435588,263.49638398931484,76.42764167016526,158.0401324909692,1.1368683772161603e-13,1.1368683772161603e-13
5,Worst,814.2310326267695,721.5563204336188,162.90889687581466,42.132591548894425,109.49528815253996,940.7634808944692,1111.3192053659807,825.1968339324037,814.2310326252432,924.3989088084634,1.6315568070335758,0.6333805194243496
5,Rank,7.0,9.0,5.0,3.0,4.0,12.0,10.0,11.0,6.0,8.0,2.0,1.0
6,Mean,57.62880891129348,3275.4221974092898,14.522448570275856,17.35178016161958,31.75215633568623,64.46013431912543,38.31083609303205,59.215555109126356,65.71336063530052,25.62841092837484,4.72205413321044,9.177146053016713
6,Std,13.0914161792745,5166.894922008245,10.50343753632854,8.447842278159264,28.87915711871956,28.288799539007822,22.014228138038096,25.99224893597819,32.81192864413343,16.581774453183108,1.4621151186782548,3.5939648510218705
6,Median,63.56811203914458,624.4092096366394,13.215210632416529,15.026535720162428,24.70827914905294,50.26101503059681,51.35665801100913,73.62680808539653,67.7214663482032,22.925694596673566,5.141396015019609,7.869075621734964
6,Best,36.98759074710665,407.60112828317097,2.5813689152646475,8.248729207813994,7.564288565573179,43.18779591056,4.057067941397008,18.00786652205761,12.67086241788843,4.100187318071221,2.975269652799625,5.257816802959269
6,Worst,67.81392950138434,12381.847157676188,28.292992171024025,31.029014384033644,81.44666340944605,110.1257152368596,55.163130598540874,77.80111186277509,98.23244481425354,46.84388069910142,6.0539751901635555,13.023317318700038
6,Rank,8.0,12.0,3.0,4.0,6.0,10.0,7.0,9.0,11.0,5.0,1.0,2.0
7,Mean,38.61167011641542,42.81340612989284,21.726638129148434,25.199074232734848,29.088844358092548,38.55716990025066,45.59322191981064,42.515542825920285,39.85752170279793,44.16699317522043,19.53747953928655,13.974201762838357
7,Std,9.934387863595688,21.603735719356962,4.487992922874035,3.852488807676151,5.636762590083375,15.692141054836284,14.222462171844214,14.065274353414862,11.434189409742679,16.10721855481493,3.422448306151497,9.995235404954103
7,Median,41.05270854375112,38.591844767407565,22.61928482351641,25.30195555544765,29.57938056591661,32.47085142483411,47.30738150105731,44.36658342596638,41.05272441428542,46.20908500444193,20.4151397002895,20.31322547754121
7,Best,27.299674549289875,24.112220771781267,14.828869157073314,21.339462023322994,21.62009015491435,24.975121172477884,27.296686151991935,22.42404203232377,27.297742031722464,27.33463041614891,13.522539475862459,1.3762698297828138
7,Worst,49.91066443747786,77.30451421639691,26.592806411833408,30.412595185959844,37.227355675349145,65.33997559689305,66.07668468636894,61.392745127539456,53.828829125123775,62.62602419940595,21.72853611623532,21.991055950104283
7,Rank,7.0,10.0,3.0,4.0,5.0,6.0,12.0,9.0,8.0,11.0,2.0,1.0
8,Mean,22.296468677200483,55.510047292249055,17.181145266189834,20.839082541141305,20.934847598801024,22.122087935808395,21.827565680956376,22.52219300575671,22.5451993806606,21.537826361413863,20.615158346398765,20.78949186551845
8,Std,0.8433415968502017,57.2699616398464,8.21815624710419,0.14426423915354614,0.30680253452358197,1.0369371543578032,0.8100819038190488,1.5302748283459282,0.47995240677170187,0.6500862071548862,0.20926364841578615,0.31207080608198995
8,Median,22.225487371472354,25.031959964665475,20.57022011954632,20.78079680807059,20.92335441704563,22.168247949745364,21.70856402105619,22.396577173046353,22.59502653987738,21.415356521049944,20.653880324644888,20.844181269080764
8,Best,21.219368030338956,22.49970635096588,2.4925388031738294,20.73784853795405,20.60353933588567,21.02395647980029,21.001424777412012,20.785136646797582,21.98034825355262,20.874273068533967,20.26818460116374,20.34901056081071
8,Worst,23.57593426853464,155.61116902030471,21.38296235314101,21.093729551814704,21.327298112705193,23.244431937536774,22.919737993677245,24.951407061797454,23.2131372815511,22.56417027077532,20.828517234498577,21.202239055172868
8,Rank,9.0,12.0,1.0,4.0,5.0,8.0,7.0,10.0,11.0,6.0,2.0,3.0
9,Mean,180.78127167774664,180.7905333872145,180.78127181532673,180.78127176180095,180.7812716777501,180.78127167774673,180.78127167774701,180.78127167774701,180.78127167774664,180.78127167774673,180.78127167774664,180.78127167774673
9,Std,0.0,0.012015365775140337,9.446207918521122e-08,1.3085411768310742e-07,1.7494941626537631e-12,2.029716037140716e-13,2.0097183471152322e-13,3.8131724593878115e-13,0.0,2.029716037140716e-13,0.0,2.0495186137532011e-13
9,Median,180.78127167774664,180.78260911896405,180.78127176761336,180.78127167926868,180.78127167774983,180.78127167774664,180.7812716777471,180.7812716777471,180.78127167774664,180.78127167774664,180.78127167774664,180.78127167774664
9,Best,180.78127167774664,180.7812716777471,180.78127173333587,180.78127167775074,180.781271677748,180.78127167774664,180.78127167774664,180.78127167774664,180.78127167774664,180.78127167774664,180.78127167774664,180.78127167774664
9,Worst,180.78127167774664,180.80368330150577,180.7812719292242,180.78127197695858,180.7812716777521,180.7812716777471,180.7812716777471,180.78127167774755,180.78127167774664,180.7812716777471,180.78127167774664,180.7812716777471
9,Rank,2.0,12.0,11.0,10.0,9.0,5.0,7.5,7.5,2.0,5.0,2.0,5.0
10,Mean,170.12471035420612,1711.0601290395985,100.52937054500853,100.56583022092336,61.315263698677974,136.93740385033453,130.46555205805853,134.074699919066,195.2811987801503,100.74240070819451,70.17918033038669,88.49609692624472
10,Std,95.47306108728195,1211.045199516554,0.09027798811905173,0.12415877851276583,53.46664375299689,80.45117075742199,66.14976946199955,74.56105906601809,139.594228666037,0.1474268172142118,42.90266774248371,26.888281933865404
10,Median,100.9033307416662,1079.0394721632692,100.49340933406938,100.58252890362382,100.34109472111913,100.98508577606617,101.01168353821686,100.69358624630286,100.83773365431762,100.70648141630318,100.35527289581341,100.53704238041018
10,Best,100.63224576428729,777.7018965420834,100.46448048080174,100.39686280287879,1.9573773309148237,100.73845898996069,100.63815717029001,100.66689344851011,100.64950880818424,100.56990966508238,9.39256513725104,40.397090133532856
10,Worst,288.1833144832017,3742.5602148470643,100.67997658662534,100.74162191689902,100.38791625586828,280.85257926239774,248.7974145860344,267.4535004070699,410.9390584452699,100.92455005650618,100.60103301835443,100.61166200202433
10,Rank,10.0,12.0,4.0,5.0,1.0,9.0,7.0,8.0,11.0,6.0,2.0,3.0
11,Mean,340.00000000000074,340.00000000000654,300.00482696025284,340.0000007095961,260.0000003444753,320.0000000000008,300.00000000000193,340.0000000000008,320.00000000000074,260.0000000000009,300.0063064707503,320.00000000000074
11,Std,54.77225575051657,54.77225575051852,173.20121962936847,54.772256427496906,151.65750914911914,44.72135954999584,173.20508075688792,54.77225575051649,44.72135954999564,151.6575088810307,0.014101697294295177,44.721359549995896
11,Median,300.0000000000009,300.00000000000637,400.00036907056983,300.0000003868481,300.0000000530699,300.0000000000009,400.0000000000009,300.0000000000009,300.0000000000009,300.0000000000009,300.0000000000009,300.0000000000009
11,Best,300.00000000000045,300.00000000000455,0.009672051475718035,300.00000001165563,8.159804565366358e-08,300.00000000000045,1.8189894035458565e-12,300.0000000000009,300.00000000000045,1.3642420526593924e-12,300.00000000000045,300.00000000000045
11,Worst,400.0000000000009,400.00000000001137,400.00131833468276,400.00000278805373,400.00000118214666,400.0000000000009,400.00000000000455,400.0000000000009,400.00000000000045,400.00000000000045,300.03153235374884,400.0000000000009
11,Rank,9.0,11.0,4.0,12.0,2.0,8.0,3.0,10.0,6.5,1.0,5.0,6.5
12,Mean,253.33026594980873,362.908733473326,237.3623929955107,237.43710835987378,240.06598959175216,252.41762837082834,253.33866098007047,254.97757617954585,251.2751116899605,243.59437767743793,245.5396485033776,241.03415144450355
12,Std,9.030542764896042,30.85581757274379,3.6658954311645533,5.377205709977641,4.5540259760444615,11.68214744359922,15.044879266430861,11.014463615511733,7.94037245218556,4.862450443454578,4.981157344416088,3.6347830118775533
12,Median,250.4511732944502,364.41873634935064,237.96401657876413,235.27876060808967,239.55716013579604,247.34433988592946,244.27410509237825,251.56173542283932,250.43554618374765,243.82421154980057,244.11931672612764,241.25439785776325
12,Best,245.3071719302393,318.264829642937,233.34719443243148,232.38971862950575,234.04108945830603,245.27851924436527,239.92663987517744,245.79604007746275,243.25034889212884,235.65492041127527,241.25439785776325,235.00932102275556
12,Worst,267.52609881996386,404.892874264101,242.48927323629005,244.19885197873782,245.22639710052226,273.04420476199175,271.38133907892916,274.07998029630016,262.39913765561187,248.31474375102925,254.10146441883808,244.43298018173027
12,Rank,9.0,12.0,1.0,2.0,3.0,8.0,10.0,11.0,7.0,5.0,6.0,4.0
AvgRank,Rank,7.0,10.833333333333334,4.416666666666667,5.666666666666667,4.833333333333333,7.916666666666667,8.291666666666666,7.791666666666667,7.541666666666667,6.0,3.5,4.208333333333333
