method,role,"W/T/L (instances, anchor view)",anchor avg rank,method avg rank,posthoc p (Holm),reject,sig. instances anchor/method,run-level W/T/L (anchor view)
HBA,baseline,11/0/1,7.0,10.833333333333334,0.10128691301283387,False,0/0,48/2/10
MPA,baseline,2/0/10,7.0,4.416666666666667,0.6340342283222069,False,0/0,18/0/42
MPHB,baseline,3/0/9,7.0,5.666666666666667,1.0,False,0/0,19/0/41
MPHBS,baseline,3/0/9,7.0,4.833333333333333,0.987221483645014,False,0/0,20/0/40
LA-KAIE-NoLandscape,ablation,4/2/6,7.0,7.916666666666667,1.0,False,0/0,22/16/22
LA-KAIE-NoInteraction,ablation,6/2/4,7.0,8.291666666666666,1.0,False,0/0,25/13/22
LA-KAIE-NoKnowledgeReward,ablation,5/3/4,7.0,7.791666666666667,1.0,False,0/0,22/13/25
LA-KAIE-DimensionOnly,ablation,6/2/4,7.0,7.541666666666667,1.0,False,0/0,19/21/20
LA-KAIE-RandomExchange,ablation,4/2/6,7.0,6.0,1.0,False,0/0,15/14/31
LA-KAIE-FixedPolicy,ablation,2/1/9,7.0,3.5,0.17417130286899954,False,0/0,8/9/43
LA-KAIE-NoAdaptiveController,ablation,2/1/9,7.0,4.208333333333333,0.5209695129781625,False,0/0,9/8/43
