Function,statistic,LA-KAIE-Full,HBA,MPA,MPHB,MPHBS
1,Mean,1.0231815394945443e-13,6.437348588406167e-07,0.00015772246882761465,0.0008527536883661923,2.649394787113124e-07
1,Std,4.7558616332371205e-14,1.4359794734254937e-06,0.00012578851025132255,0.0007726803260325774,2.0199364531074784e-07
1,Median,1.1368683772161603e-13,1.1939960131712724e-09,0.0002118668560910919,0.0010181812251630618,1.9662240902107442e-07
1,Best,5.684341886080802e-14,2.9336888474063016e-10,2.484850142536743e-05,2.635173200360441e-05,1.189332010653743e-07
1,Worst,1.7053025658242404e-13,3.2124912650033366e-06,0.00030260948932436804,0.0015947307979331526,6.086081043576996e-07
1,Rank,1.0,3.0,4.0,5.0,2.0
2,Mean,28.612885455285152,47.40887511469801,18.975117629573298,26.642456364836665,39.24087123458064
2,Std,26.175796302224207,2.29441508552659,25.618447788776063,23.151281187480183,19.75270991486994
2,Median,44.89546931745133,49.08447897949469,0.7675625485996989,28.935609709841174,49.084478986124054
2,Best,1.1368683772161603e-12,44.89546931745156,4.198623173579108e-07,0.009533661572561414,4.055449885423968
2,Worst,49.08447897948122,49.084478979556366,49.084479438250696,49.08448016121258,49.0844789919546
2,Rank,3.0,5.0,1.0,2.0,4.0
3,Mean,0.3470683838804689,0.2733801984802085,0.002219401369802654,0.015665167702104556,2.4855595393091788e-05
3,Std,0.2685421818556788,0.3937930977947661,0.001430009166467598,0.015343527621682142,2.7206090376586843e-05
3,Median,0.3835921019841635,0.05295367064900347,0.0020759608825073883,0.006303027672515782,1.4799878385929333e-05
3,Best,0.05064890033281699,0.002348798831349086,0.00043060461689492513,0.002540149516448764,8.49196010221931e-06
3,Worst,0.6956270241896618,0.9307269940032938,0.004417573395471663,0.03338454121660561,7.305140672997368e-05
3,Rank,5.0,4.0,2.0,3.0,1.0
4,Mean,56.1155423985148,69.2489312222937,40.9922281159181,38.00737591181603,37.012411323064654
4,Std,11.225803485395923,20.42205981726305,6.799247475592058,11.69659301244484,7.87837453817259
4,Median,57.70742329768382,65.66710587550654,40.79322849189509,33.828558062805314,38.803332606296635
4,Best,39.79828662556929,43.77805200526427,31.838659655972492,27.85881772377695,27.858828409850844
4,Worst,70.6418910853348,96.51072059380738,49.747806410346584,57.70759727836685,45.767970119451206
4,Rank,4.0,5.0,3.0,2.0,1.0
5,Mean,374.95632771782243,491.3175296079402,43.90406494884612,19.914360234483684,32.968101533025106
5,Std,284.5894514664138,245.25088174259656,67.96120105526398,15.027754761554172,44.23810950581099
5,Median,334.80787939635024,564.4076608413752,11.212148099563706,20.95054840568048,17.200781759688653
5,Best,76.51716992058232,110.82442691998085,2.4506632675917217,2.726113823041601,2.5401838313141525
5,Worst,814.2310326267695,721.5563204336188,162.90889687581466,42.132591548894425,109.49528815253996
5,Rank,4.0,5.0,3.0,1.0,2.0
6,Mean,57.62880891129348,3275.4221974092898,14.522448570275856,17.35178016161958,31.75215633568623
6,Std,13.0914161792745,5166.894922008245,10.50343753632854,8.447842278159264,28.87915711871956
6,Median,63.56811203914458,624.4092096366394,13.215210632416529,15.026535720162428,24.70827914905294
6,Best,36.98759074710665,407.60112828317097,2.5813689152646475,8.248729207813994,7.564288565573179
6,Worst,67.81392950138434,12381.847157676188,28.292992171024025,31.029014384033644,81.44666340944605
6,Rank,4.0,5.0,1.0,2.0,3.0
7,Mean,38.61167011641542,42.81340612989284,21.726638129148434,25.199074232734848,29.088844358092548
7,Std,9.934387863595688,21.603735719356962,4.487992922874035,3.852488807676151,5.636762590083375
7,Median,41.05270854375112,38.591844767407565,22.61928482351641,25.30195555544765,29.57938056591661
7,Best,27.299674549289875,24.112220771781267,14.828869157073314,21.339462023322994,21.62009015491435
7,Worst,49.91066443747786,77.30451421639691,26.592806411833408,30.412595185959844,37.227355675349145
7,Rank,4.0,5.0,1.0,2.0,3.0
8,Mean,22.296468677200483,55.510047292249055,17.181145266189834,20.839082541141305,20.934847598801024
8,Std,0.8433415968502017,57.2699616398464,8.21815624710419,0.14426423915354614,0.30680253452358197
8,Median,22.225487371472354,25.031959964665475,20.57022011954632,20.78079680807059,20.92335441704563
8,Best,21.219368030338956,22.49970635096588,2.4925388031738294,20.73784853795405,20.60353933588567
8,Worst,23.57593426853464,155.61116902030471,21.38296235314101,21.093729551814704,21.327298112705193
8,Rank,4.0,5.0,1.0,2.0,3.0
9,Mean,180.78127167774664,180.7905333872145,180.78127181532673,180.78127176180095,180.7812716777501
9,Std,0.0,0.012015365775140337,9.446207918521122e-08,1.3085411768310742e-07,1.7494941626537631e-12
9,Median,180.78127167774664,180.78260911896405,180.78127176761336,180.78127167926868,180.78127167774983
9,Best,180.78127167774664,180.7812716777471,180.78127173333587,180.78127167775074,180.781271677748
9,Worst,180.78127167774664,180.80368330150577,180.7812719292242,180.78127197695858,180.7812716777521
9,Rank,1.0,5.0,4.0,3.0,2.0
10,Mean,170.12471035420612,1711.0601290395985,100.52937054500853,100.56583022092336,61.315263698677974
10,Std,95.47306108728195,1211.045199516554,0.09027798811905173,0.12415877851276583,53.46664375299689
10,Median,100.9033307416662,1079.0394721632692,100.49340933406938,100.58252890362382,100.34109472111913
10,Best,100.63224576428729,777.7018965420834,100.46448048080174,100.39686280287879,1.9573773309148237
10,Worst,288.1833144832017,3742.5602148470643,100.67997658662534,100.74162191689902,100.38791625586828
10,Rank,4.0,5.0,2.0,3.0,1.0
11,Mean,340.00000000000074,340.00000000000654,300.00482696025284,340.0000007095961,260.0000003444753
11,Std,54.77225575051657,54.77225575051852,173.20121962936847,54.772256427496906,151.65750914911914
11,Median,300.0000000000009,300.00000000000637,400.00036907056983,300.0000003868481,300.0000000530699
11,Best,300.00000000000045,300.00000000000455,0.009672051475718035,300.00000001165563,8.159804565366358e-08
11,Worst,400.0000000000009,400.00000000001137,400.00131833468276,400.00000278805373,400.00000118214666
11,Rank,3.0,4.0,2.0,5.0,1.0
12,Mean,253.33026594980873,362.908733473326,237.3623929955107,237.43710835987378,240.06598959175216
12,Std,9.030542764896042,30.85581757274379,3.6658954311645533,5.377205709977641,4.5540259760444615
12,Median,250.4511732944502,364.41873634935064,237.96401657876413,235.27876060808967,239.55716013579604
12,Best,245.3071719302393,318.264829642937,233.34719443243148,232.38971862950575,234.04108945830603
12,Worst,267.52609881996386,404.892874264101,242.48927323629005,244.19885197873782,245.22639710052226
12,Rank,4.0,5.0,1.0,2.0,3.0
AvgRank,Rank,3.4166666666666665,4.666666666666667,2.0833333333333335,2.6666666666666665,2.1666666666666665
