method,instance,exchange_frequency,successful_exchange_rate,controller_entropy,exploration_exploitation_ratio,group_level_fraction,ic_group,ic_dim,final_S8,final_n_groups,overhead_fraction,share_A1,share_A2,share_A3,share_A4,share_A5,share_A6,share_A7,share_A8
LA-KAIE-DimensionOnly,1,7.536282775455035,0.1956392866468959,0.7875771769325701,0.12006374218168944,0.0,,0.03663842547049045,0.022224078469501654,19.6,0.46407337158364415,0.09762637847775485,0.11966900011438544,0.054243915273404,0.07909740315110173,0.07386098532561182,0.053344361270487715,0.03700739267698233,0.4851505637102721
LA-KAIE-DimensionOnly,2,9.38278400203491,0.17902666584043908,0.8474586094749494,0.16032157524212026,0.0,,3.4744135831265945e-05,0.009162839541680365,19.8,0.4689603133095755,0.07956875269911942,0.09772971548345455,0.09044528371369286,0.08642534888396572,0.08405659204380063,0.07429877688342346,0.08797470587147578,0.3995008244210676
LA-KAIE-DimensionOnly,3,6.953173913006322,0.3886463495657565,0.654274836471844,0.047307107258205194,0.0,,0.006564012987207634,0.04320915202023628,19.4,0.4301767429279447,0.10669554103023178,0.12847127526219468,0.033802191004688516,0.04392756415456474,0.031615314218040313,0.036584966165443225,0.020205431420030694,0.598697716744806
LA-KAIE-DimensionOnly,4,10.006256215952936,0.10361673788961398,0.948277406189302,0.4168148321896089,0.0,,-0.0017784265230074204,2.9802654492737997e-10,20.0,0.4819624075807461,0.08037680238724462,0.09503245182240122,0.1222900810471286,0.13504835142490398,0.21271246685119247,0.096810478444903,0.09035761648562511,0.167371751536601
LA-KAIE-DimensionOnly,5,5.965684604991109,0.3273435214787238,0.652923661045771,0.03299379666791837,0.0,,0.024688131993782777,0.03539161217456975,19.6,0.4447537013322164,0.1264023084099823,0.14585075319868915,0.03486410243485737,0.0231554078953602,0.021360280759821933,0.0464881275007609,0.021080152695569954,0.5807988671049582
LA-KAIE-DimensionOnly,6,4.800653380604203,0.3321000032677941,0.684780696470589,0.03488364868610827,0.0,,0.009619466950347164,0.010352448982427912,19.8,0.44255290064026714,0.16344019512492602,0.17779827501081202,0.022694946344850236,0.02037344929068783,0.02034452856524699,0.060510931858678986,0.021528158563093126,0.5133095152417048
LA-KAIE-DimensionOnly,7,4.892823906685777,0.36056384747325393,0.7708142703387921,0.06241892252850064,0.0,,0.006163822764195767,0.01835202506778129,19.8,0.4090111454859636,0.15578832055100392,0.17195005678300848,0.0700447113334193,0.06701070579426205,0.032078918157907234,0.02993124254369949,0.020882419878210542,0.452313624958489
LA-KAIE-DimensionOnly,8,7.857949077623419,0.2072402468987466,0.8962454972745642,0.17302148940624731,0.0,,0.00712286928383511,0.0029104567484471476,20.0,0.4320121925751958,0.0979132719390778,0.11798914825035922,0.12785579769086208,0.1126614529159794,0.08444024087481991,0.09050043994596949,0.04442545108272461,0.3242141973002075
LA-KAIE-DimensionOnly,9,9.499698343325562,0.08284397957371928,0.9527991739702439,0.2155763552131189,0.0,,-0.003397660518129896,1.0822288920272268e-19,20.0,0.4607676725017563,0.08215736489503427,0.09836660663837685,0.11859096795791527,0.10596744220399931,0.10797859084844434,0.11407887780947659,0.0942344955422558,0.2786256541044976
LA-KAIE-DimensionOnly,10,7.090226397892394,0.16967123774834184,0.9201544353781269,0.25650542387413416,0.0,,0.007985468521347575,0.015438919418775548,19.6,0.44851765261226023,0.13505811591077238,0.15250372804066045,0.09778822089729161,0.11972202131276921,0.11142660729732301,0.09143896899747635,0.07887859725202077,0.21318374029168616
LA-KAIE-DimensionOnly,11,8.737318464152892,0.20459563503376935,0.9786817447553456,0.30434675311351367,0.0,,-0.007255537124808757,2.0075933007245883e-23,20.0,0.4424719183537502,0.08788763832488788,0.1029903831461844,0.14532736603183,0.16309329241438414,0.13148207645078464,0.1201613109751768,0.07238676211193504,0.17667117054481712
LA-KAIE-DimensionOnly,12,8.082681063111359,0.15392830030080187,0.9016198202676213,0.21826339937736727,0.0,,0.002515183711028973,0.003623534071302426,20.0,0.43629630666630115,0.09601413437319434,0.11194761315006414,0.12415970473982511,0.1482169514369489,0.08735147117522953,0.09870707334784071,0.061869963975629536,0.2717330878012677
LA-KAIE-FixedPolicy,1,23.990877993158495,0.06605988593155894,0.0,0.0,1.0,0.07831299127045326,,0.059606310061895075,19.2,0.39458827889777764,0.0,0.0,0.0,1.0,0.0,0.0,0.0,0.0
LA-KAIE-FixedPolicy,2,23.990877993158495,0.14346958174904945,0.0,0.0,1.0,0.05669137017925041,,0.008505249373592243,20.0,0.38684502643663415,0.0,0.0,0.0,1.0,0.0,0.0,0.0,0.0
LA-KAIE-FixedPolicy,3,23.990877993158495,0.221430608365019,0.0,0.0,1.0,0.03774619771863118,,0.002651869834493073,20.0,0.36923085955528473,0.0,0.0,0.0,1.0,0.0,0.0,0.0,0.0
LA-KAIE-FixedPolicy,4,23.990877993158495,0.008982889733840305,0.0,0.0,1.0,0.03896546261089987,,0.018235363200347014,19.8,0.3936462653704192,0.0,0.0,0.0,1.0,0.0,0.0,0.0,0.0
LA-KAIE-FixedPolicy,5,23.990877993158495,0.1293583650190114,0.0,0.0,1.0,0.03885134476317936,,0.032149700472108814,19.8,0.3847153118033567,0.0,0.0,0.0,1.0,0.0,0.0,0.0,0.0
LA-KAIE-FixedPolicy,6,23.990877993158495,0.01612167300380228,0.0,0.0,1.0,0.05379451837769328,,0.01336890959141955,19.8,0.39520042359932145,0.0,0.0,0.0,1.0,0.0,0.0,0.0,0.0
LA-KAIE-FixedPolicy,7,23.990877993158495,0.1150380228136882,0.0,0.0,1.0,0.0417427122940431,,0.00626230664172771,20.0,0.3691193212654215,0.0,0.0,0.0,1.0,0.0,0.0,0.0,0.0
LA-KAIE-FixedPolicy,8,23.990877993158495,0.053208174904942965,0.0,0.0,1.0,0.04712339308346913,,0.028267578607215155,20.0,0.36883502462382384,0.0,0.0,0.0,1.0,0.0,0.0,0.0,0.0
LA-KAIE-FixedPolicy,9,23.990877993158495,0.1214781368821293,0.0,0.0,1.0,0.11295714134830107,,0.08550389886648838,18.8,0.38316086891361323,0.0,0.0,0.0,1.0,0.0,0.0,0.0,0.0
LA-KAIE-FixedPolicy,10,23.990877993158495,0.030109315589353612,0.0,0.0,1.0,-0.021050132065243338,,0.06809637331480989,19.4,0.3817337783278934,0.0,0.0,0.0,1.0,0.0,0.0,0.0,0.0
LA-KAIE-FixedPolicy,11,23.990877993158495,0.2311596958174905,0.0,0.0,1.0,0.011349809885931558,,0.0004023763275074581,20.0,0.3550473035821013,0.0,0.0,0.0,1.0,0.0,0.0,0.0,0.0
LA-KAIE-FixedPolicy,12,23.990877993158495,0.10528992395437262,0.0,0.0,1.0,0.02801742712294043,,0.00560068757056602,20.0,0.36356587208061514,0.0,0.0,0.0,1.0,0.0,0.0,0.0,0.0
LA-KAIE-Full,1,7.369352623839781,0.1940046078134045,0.8134742134237257,0.09707119112562414,0.18257755979388496,0.03797250708236297,0.044616898959490385,0.00022083175277548542,20.0,0.4699284252556998,0.10140389670360728,0.12177467249981037,0.05449494009074143,0.15852524436326704,0.05203575563380047,0.0555918615469707,0.03598167083848002,0.42019195832332273
LA-KAIE-Full,2,10.30878627186372,0.20190017495918502,0.7951122467875956,0.15014174486324766,0.08279146207686253,0.03762674696829437,-0.0008365964456714871,2.9821899858931824e-10,20.0,0.4720909629492199,0.07265239305322133,0.09668972141352838,0.12668602799366863,0.07701309875691384,0.07329781021614853,0.07066428716124533,0.06975886648971981,0.4132377949155542
LA-KAIE-Full,3,7.175047488921931,0.38622265756830754,0.6625755768077906,0.047393808083793024,0.05513497901048724,0.059420767318533595,0.007866333682719133,0.034708533493131924,20.0,0.43223159278347884,0.10303114743020252,0.12511854245835413,0.03851917948700644,0.0481313393826137,0.031150802601581252,0.03996253731330413,0.01988809867962743,0.5941983526473104
LA-KAIE-Full,4,9.914767583607022,0.1040271449148437,0.9743108554972546,0.3167311206956127,0.1805930054942145,0.017950759529310002,-0.00040220303029659033,1.5309929131277433e-26,20.0,0.47758955352654225,0.0804328859472105,0.09351295765646622,0.1347966085288121,0.16549580436189326,0.13708164956486285,0.10084176626925419,0.09479701176507081,0.1930413159064301
LA-KAIE-Full,5,5.953525113153129,0.3236470773003185,0.6671753108513213,0.04682907279091293,0.05504461410637549,0.020027389927867904,0.03557653568885814,0.014450883162324239,20.0,0.44665437338738095,0.12537817606600585,0.145437052648032,0.023752730251944812,0.04782619800978109,0.02819659080888199,0.03759700924471584,0.025274439753972432,0.566537803216666
LA-KAIE-Full,6,5.015706637678546,0.32006562607597383,0.6853712368968279,0.02920584519821447,0.029046447544530386,0.003688852490393335,0.004928039636240622,0.011014854910056875,19.8,0.4436413952154596,0.15312913586540483,0.16817938945958372,0.020505477226651157,0.024521167536569837,0.017942782066436527,0.07190692248978936,0.019746376276999357,0.5240687490785652
LA-KAIE-Full,7,5.426349429372753,0.3390861035078906,0.7558531982669974,0.04809403354804291,0.10068997160407081,0.04646570225722094,0.01322229142782673,0.021451926740163264,19.6,0.4139626248696163,0.1401121842301006,0.1580405387770875,0.05595403876289845,0.08735607020342151,0.025827655886174777,0.0388687153574091,0.02123495180987935,0.4726058449730287
LA-KAIE-Full,8,6.727983516304313,0.25749484613286794,0.8818793824639363,0.15571273216835566,0.16848307093730508,0.03745674704742365,0.017295283960587663,0.0024719978809397774,20.0,0.4238801115450682,0.1182539920010531,0.1359980057146411,0.08326076841304811,0.14984032532384028,0.07451848078954557,0.09943161297147754,0.026203613999119794,0.3124932007872745
LA-KAIE-Full,9,10.266095828469556,0.10353350505722769,0.9395596089343151,0.22700721984952543,0.26785891584636645,0.08742912524100051,-0.0030966929456805407,5.369055685562834e-23,20.0,0.4682749008791408,0.07566643836267213,0.09158989650623997,0.0909272936928577,0.24786088023408515,0.0936907642433929,0.09683768423974685,0.08054069036777146,0.22288635235323384
LA-KAIE-Full,10,8.844190493910398,0.11563227495949265,0.9348403110601657,0.28201792470036235,0.22633489301332146,0.03334487051263059,0.00782565461859531,0.01257917976424867,19.8,0.46473067565099047,0.08700649198540138,0.10874336507846227,0.14390229461398926,0.20531323770033144,0.11146389087857442,0.13785782532983498,0.072466373858407,0.13324652055499922
LA-KAIE-Full,11,9.469573066566927,0.19313537684091392,0.9686320783046802,0.33545873476136345,0.19286586204878428,0.01770502993531927,-0.0006970698429335672,7.260148724483193e-23,20.0,0.4460391851278513,0.07912858699423556,0.096876433675789,0.1486059067751764,0.1775500948991117,0.1447853668097995,0.11412241461647024,0.06867687214218084,0.17025432408723679
LA-KAIE-Full,12,9.33494751255611,0.12192573025725495,0.9159667827827478,0.26804385490408233,0.23192471466141665,0.06256725027992167,0.024549983980740174,2.505897643295121e-06,20.0,0.4453240102907098,0.08864554318848591,0.10610795418362624,0.0885123346655556,0.2100944597977495,0.10492019124687246,0.09521216959816868,0.09663313597116463,0.20987421134837697
LA-KAIE-NoAdaptiveController,1,23.990877993158495,0.03994296577946768,0.5434719093184694,0.22106986019103375,0.11178707224334601,-0.05325008950764176,-0.19972428166189432,0.04037523982863063,19.4,0.3763291575002653,0.0,0.0,0.5238022813688212,0.09809885931558934,0.08395437262357415,0.0,0.0,0.2941444866920152
LA-KAIE-NoAdaptiveController,2,23.990877993158495,0.15564638783269963,0.3733510857705739,0.8298544645409471,0.011406844106463879,0.054343133718133714,-0.10947882228034338,7.419680345663967e-10,20.0,0.3825740839777995,0.0,0.0,0.6223574144486692,0.010152091254752851,0.30015209125475284,0.0,0.0,0.06733840304182509
LA-KAIE-NoAdaptiveController,3,23.990877993158495,0.22351711026615967,0.405776751498479,0.9161752868937285,0.01596958174904943,0.2690933641975308,-0.05136768357316359,5.457359850535943e-08,20.0,0.3674527224856939,0.0,0.0,0.4788593155893536,0.01574144486692015,0.4638022813688213,0.0,0.0,0.04159695817490494
LA-KAIE-NoAdaptiveController,4,23.990877993158495,0.01366444866920152,0.49472386594280804,0.7069129051435084,0.02053231939163498,0.013569113756613752,-0.04712620254794293,0.005000000246985432,20.0,0.3844695156051223,0.0,0.0,0.4681368821292775,0.013346007604562737,0.37106463878326995,0.0,0.0,0.14745247148288973
LA-KAIE-NoAdaptiveController,5,23.990877993158495,0.13883555133079847,0.4035480932149028,0.6069705158307069,0.0045627376425855515,0.24378472222222222,-0.07862484650323268,3.9078755824417574e-05,20.0,0.37452167901956634,0.0,0.0,0.580722433460076,0.0014828897338403043,0.25832699619771865,0.0,0.0,0.15946768060836503
LA-KAIE-NoAdaptiveController,6,23.990877993158495,0.024491444866920155,0.5189299762100317,0.5986246270288977,0.0045627376425855515,0.3320486111111111,-0.05201425855513307,0.0005789520971390668,20.0,0.3770567106137567,0.0,0.0,0.3607984790874525,0.0022813688212927757,0.3836121673003802,0.0,0.0,0.25330798479087446
LA-KAIE-NoAdaptiveController,7,23.990877993158495,0.07047053231939163,0.5088610311275055,0.6216139151137424,0.025095057034220537,0.1504320987654321,-0.10246441089814992,0.016270640150587094,19.8,0.36195642735179934,0.0,0.0,0.38749049429657795,0.006615969581749049,0.3852091254752852,0.0,0.0,0.22068441064638783
LA-KAIE-NoAdaptiveController,8,23.990877993158495,0.03528517110266159,0.4978857260223807,0.6682995148681558,0.006844106463878327,0.18762400793650794,-0.07121425194355459,0.011076550595565206,20.0,0.35733181878926634,0.0,0.0,0.28517110266159695,0.0,0.48011406844106463,0.0,0.0,0.2347148288973384
LA-KAIE-NoAdaptiveController,9,23.990877993158495,0.11292300380228137,0.3554591384565527,1.0,0.02053231939163498,-0.04620907738095238,-0.2568558652961968,0.04220306136276835,19.4,0.38152928553398036,0.0,0.0,0.3684410646387833,0.020304182509505702,0.611254752851711,0.0,0.0,0.0
LA-KAIE-NoAdaptiveController,10,23.990877993158495,0.026663498098859317,0.3082578247049444,0.9168629060450233,0.10038022813688215,-0.23837549979988595,-0.07767213221796126,0.05640177355184166,19.4,0.38268390473058467,0.0,0.0,0.17783269961977186,0.0,0.7597718631178707,0.0,0.0,0.06239543726235741
LA-KAIE-NoAdaptiveController,11,23.990877993158495,0.23838403041825096,0.34463476585026054,0.9975767366720516,0.0045627376425855515,0.4046875,-0.027484324729453058,1.1230217090746474e-17,20.0,0.35771202445753136,0.0,0.0,0.5415969581749049,0.0045627376425855515,0.4526996197718631,0.0,0.0,0.0011406844106463879
LA-KAIE-NoAdaptiveController,12,23.990877993158495,0.08287072243346008,0.4381950827554638,0.738092584252884,0.034220532319391636,0.022100694444444447,-0.1278818092460734,2.5825338876811244e-09,20.0,0.36115252866902087,0.0,0.0,0.4350570342205323,0.017566539923954374,0.4143726235741445,0.0,0.0,0.13300380228136882
LA-KAIE-NoInteraction,1,1.2293783360904889,0.6451368004841314,0.5544910621850987,0.27838458102111113,0.16790607972435917,-0.7017001516583777,0.937438047063271,0.9534504122767029,5.0,0.4668933922900388,0.4485993951314603,0.44295993540911294,0.015796949597443315,0.020235969780227975,0.014694555712006474,0.019996659387554135,0.018827442812986355,0.01888909216920855
LA-KAIE-NoInteraction,2,1.562461264477652,0.47673223029247963,0.6730154118658583,0.12317076077293691,0.32644777603698955,-0.7222088417995087,0.8894220039095979,0.9563223748424807,4.8,0.4746595367881472,0.38986287748076964,0.38542351208605546,0.025017026671525187,0.026312764925586957,0.01773087759644577,0.021799223014919503,0.02197670137131623,0.11187701685338125
LA-KAIE-NoInteraction,3,1.7861263505867744,0.6705225314051427,0.721833255740979,0.11557358336764853,0.40649169711811534,-0.7247050027501215,0.8752905861249463,0.951797392100378,4.8,0.4332919869184931,0.3578063998587456,0.35494554811455825,0.02615849799399918,0.04778080811520022,0.022479265784928676,0.022073009465826736,0.01882176899777621,0.14993470166896514
LA-KAIE-NoInteraction,4,1.669655400257529,0.30397865395837914,0.6929539543833477,0.1278736942959052,0.3729495358893456,-0.7238867754865437,0.9036912034410456,0.9552133855507892,5.0,0.4706746399340346,0.3744411699215823,0.37070028652768255,0.020606835096259258,0.03994187612358806,0.02266895967478271,0.020396203536092183,0.017548841460258518,0.13369582765975446
LA-KAIE-NoInteraction,5,1.4706300443034783,0.7208953759625284,0.6420345043518427,0.13280155095912644,0.29843734142221107,-0.7309553471518415,0.9244719795302577,0.9549586669276839,4.8,0.4643720759392652,0.40516490704416086,0.39914124628179454,0.017311613394708502,0.02045730926526178,0.01706211248611783,0.024460215768962776,0.019706887032701337,0.09669570872629236
LA-KAIE-NoInteraction,6,1.2506752432468349,0.8068768955952912,0.56564516012334,0.28596872856610567,0.18420498824480597,-0.7081158666922227,0.937596428110728,0.958289322620818,5.0,0.47558839530339414,0.4443504316473108,0.4375844011809301,0.015465012381915088,0.022100630788689252,0.01764815412720634,0.017549499618948233,0.01607384954659858,0.02922802070840158
LA-KAIE-NoInteraction,7,1.4989217437152629,0.7271684597885723,0.6597834707453943,0.15789467386314654,0.3043741895878141,-0.7231674446974161,0.9063873778339337,0.9450804063669913,5.0,0.4122182440380251,0.4002255012470702,0.3955552007061229,0.02135538104121157,0.0228234809020667,0.022230883374165008,0.025525635384979945,0.017848837517004477,0.0944350798273792
LA-KAIE-NoInteraction,8,1.4315049172719443,0.6992277712071766,0.6318072710392552,0.22648035198576344,0.27080133707072934,-0.7113717800789046,0.9187920781324891,0.9521242416626693,4.8,0.4013179747906338,0.4126182290198238,0.4073583554947606,0.01886111394097462,0.034403426283336626,0.0206993845107252,0.019480310576421942,0.016401764007325743,0.07017741616663146
LA-KAIE-NoInteraction,9,1.461007011689677,0.3189283210314,0.6475355784708052,0.2048898764819159,0.2916299084606592,-0.7237881816691042,0.9113777971193116,0.9557694119462509,5.2,0.4401054127763788,0.4063478773934894,0.399704368749488,0.02044576729783353,0.019143622306417096,0.026230173937839534,0.02139268035032162,0.02010752218050773,0.0866279877841031
LA-KAIE-NoInteraction,10,1.4822791127142527,0.44543315875702927,0.635001711967861,0.26420483711807574,0.26773317829252863,-0.7015317908256523,0.9013613936002196,0.9527391639543513,5.0,0.44447702399202205,0.4091860528837656,0.4045384359259008,0.02210802301423969,0.03724114064788095,0.025923943791722186,0.019914594293448752,0.023335212246852862,0.05775259719618925
LA-KAIE-NoInteraction,11,1.7210670875089924,0.4625736188550583,0.7160431086906036,0.20667508979595114,0.393330641778458,-0.7149857495307309,0.890945574711466,0.9568347464376373,5.2,0.4106515138009962,0.3670175361114202,0.3608050520474627,0.022938259653112244,0.041831136584017145,0.038604943565236784,0.017712351332709767,0.02006244362758263,0.1310282770784585
LA-KAIE-NoInteraction,12,1.4844317672049143,0.709096429284536,0.6639667402074769,0.17546026627592495,0.2982623338201865,-0.7234702197250212,0.8943164437444858,0.9500147343992253,5.0,0.40106362662979045,0.4023073752136394,0.39505164394321035,0.024336444930008087,0.031400232007410975,0.022208258211357974,0.0222823891687135,0.018942666435761136,0.08347099008989847
LA-KAIE-NoKnowledgeReward,1,6.771383842067803,0.21274092999894365,0.7676217352605776,0.15522614962605552,0.04946094545140424,0.02954497500445452,0.03239708051807237,0.0217522080591486,19.8,0.4612710856777779,0.11375346717827158,0.12068256892762538,0.05254773445415142,0.04259245515029712,0.10035918385234541,0.0537878017995838,0.05648494630763411,0.4597918423300912
LA-KAIE-NoKnowledgeReward,2,7.052221317222555,0.26895497289952314,0.6984620477152574,0.06825562941902089,0.04067289629082504,0.02149683581770491,-0.0014286236182719833,0.003332126390844267,20.0,0.45224923046547694,0.10569071684253091,0.11214677996387543,0.06646746779430077,0.03438479989705002,0.04110743082755545,0.0619699483065239,0.027727584571053183,0.5505052717971103
LA-KAIE-NoKnowledgeReward,3,5.892365168681944,0.4026598225239509,0.6324042771507973,0.035814736252779075,0.025008440017383542,0.04362791734503274,0.015747219627480706,0.030789275287296212,19.6,0.423280038106871,0.13116815056503808,0.1502848419470058,0.021777919052139848,0.02162214196156665,0.023078219164252362,0.04455363379883963,0.018468140112376928,0.5890469533987808
LA-KAIE-NoKnowledgeReward,4,4.373816150687684,0.14218145282793887,0.9040423928659929,0.31678343899993655,0.06331302589283463,0.0032792983599435207,0.002119775067799027,3.0697925720694425e-27,20.0,0.4480979984260761,0.18741990494456356,0.1126893037391509,0.11867640610116234,0.05313208664037398,0.13942837439973627,0.05250741705552152,0.09566102236954048,0.24048548474995096
LA-KAIE-NoKnowledgeReward,5,5.649447174411478,0.34160149363951964,0.6072506145509845,0.028452070044853523,0.022370347861369107,0.02952695620296481,0.02495637375290079,0.021318027298048374,19.8,0.44485614891486025,0.1330505294069237,0.15124006935589895,0.019313296498143003,0.01804294676887324,0.018684957166638757,0.03195839729647328,0.0192703464153089,0.6084394570917402
LA-KAIE-NoKnowledgeReward,6,4.569117399612222,0.3311850180374532,0.6915457951001229,0.030768866877559496,0.022440322561655755,0.01721834959273481,0.010865722595248409,0.01255960523149166,19.8,0.4432195106366116,0.16866760737585923,0.18288208269593034,0.01943799934874705,0.018590670648896447,0.01792391775764408,0.07595070188300584,0.01941396577680272,0.4971330545131143
LA-KAIE-NoKnowledgeReward,7,4.33602914546225,0.36286708417996716,0.724824690023542,0.049641600790252725,0.04607240970407214,0.01338438553324334,0.007090026702721788,0.006027211936081297,20.0,0.40414192460711684,0.17582426571436266,0.18921231177100956,0.03516726338274555,0.03795811904310407,0.025936474099471994,0.039916692917071145,0.021389448728873897,0.4745954243433611
LA-KAIE-NoKnowledgeReward,8,5.008483882773361,0.29748847319390287,0.8132468885009349,0.0954738442997175,0.042451122657000795,0.03154207727531221,0.013975522808015579,0.016445694241017265,20.0,0.4076124801674399,0.15193874982669492,0.16087832968341087,0.06178058057335212,0.03599403816291106,0.052245598007919794,0.12605534500516274,0.01991228489787631,0.3911950738426722
LA-KAIE-NoKnowledgeReward,9,8.341752730330658,0.11121807380667334,0.8619928777225706,0.2727228303303983,0.11195077307864192,-1.7619047823633215e-05,-0.00772751459164524,0.05815015135901458,19.0,0.45744883753140747,0.11374713972059869,0.08797390928575265,0.12702331215105897,0.08294174792474575,0.12752658476706463,0.0736101059947017,0.08936880421710595,0.2978083959389716
LA-KAIE-NoKnowledgeReward,10,3.587580344341402,0.204298370637241,0.8164120156701123,0.24363067674453798,0.2160776404391486,0.004404894819685064,0.02012872898499081,9.853012428650122e-06,20.0,0.4244240567612034,0.24553940986943434,0.17596181710717745,0.10969938343556025,0.1749230481868376,0.06984501355212722,0.07634508132465934,0.03690318786603181,0.11078305865817195
LA-KAIE-NoKnowledgeReward,11,6.365162968988482,0.18244791944645541,0.9073149027543197,0.32801148951564285,0.10031989044839747,0.013891186005804867,0.003839083527227915,1.0806556440321743e-21,20.0,0.4220896690636426,0.13252834448421455,0.101072340475448,0.09139010168929898,0.08367477169615356,0.1909604627858865,0.11681962240737151,0.05647549007746604,0.22707886638416083
LA-KAIE-NoKnowledgeReward,12,4.776682609762576,0.26417116328178036,0.8007371506495666,0.16389999777106773,0.06988905414405558,0.0167994972008944,0.05037378912793331,0.0010919669499425625,20.0,0.40220486185986254,0.17470145413976013,0.1715860641610396,0.07028468768619087,0.055989282945625586,0.0757850860409949,0.07775736819576506,0.02195615272419974,0.35193990410642406
LA-KAIE-NoLandscape,1,9.11212431680307,0.1814850430256007,0.7357434070830668,0.08284401628429325,0.06401768406194386,0.03497658890866678,0.025844835963850545,8.170192849916642e-09,20.0,0.4330141173715719,0.08064462019843639,0.10068006556818787,0.048829374214467536,0.05873407575415436,0.05497880743865199,0.05506443694341303,0.04621331009962474,0.5548553097830642
LA-KAIE-NoLandscape,2,9.322602543957936,0.19323809248971285,0.7809925660700672,0.12143994318297713,0.08991125264091017,0.027787323492047034,-0.0012214186253647554,0.00015320175332483562,20.0,0.43477671856920663,0.07876146156606505,0.09732872764469504,0.06715682302463206,0.08275087666667526,0.06542576689588257,0.06965271770109098,0.06752994835746909,0.4713936781434899
LA-KAIE-NoLandscape,3,5.947083518505123,0.38160542417895493,0.6417845973282461,0.0325453898335097,0.047086254516415696,0.02414518249071802,0.008503065839546428,0.007462599021177148,20.0,0.396923289139692,0.12606415256107814,0.14663939428356487,0.03730829365429408,0.041099701792805976,0.020175318540891433,0.024282133088623044,0.020094817392005016,0.5843361886867374
LA-KAIE-NoLandscape,4,11.166383948989127,0.10039428898856051,0.9665402204561045,0.31385594068512057,0.20711608947816335,0.024956181470561743,0.0002890165027138983,1.4586381415945369e-24,20.0,0.44894533778679824,0.06825689265536482,0.08519452237227665,0.12995594251456594,0.19277169605479866,0.1309296809551983,0.10634233586732264,0.10996382608015356,0.17658510350031947
LA-KAIE-NoLandscape,5,7.254887488588284,0.2615504479419821,0.6742860812977322,0.05708209999547033,0.05422110647906987,0.01126492221240553,0.01379207841685744,0.008066232212273088,19.8,0.4208460593455653,0.1026414325549915,0.12312186222388218,0.05600992089575228,0.0489040785086768,0.03285982974337031,0.036238013554703116,0.033699779121095834,0.5665250833975279
LA-KAIE-NoLandscape,6,6.988951057788492,0.26045848518895104,0.5630668313525224,0.024560849414696707,0.01942220382237397,0.0098736960505079,0.006874924140226909,0.0003951792837615026,20.0,0.4205324234380264,0.1064424290946554,0.1297026168435415,0.017248534062822223,0.017376285197606034,0.017379966814347565,0.03520589740115422,0.019076026520862353,0.6575682440650107
LA-KAIE-NoLandscape,7,7.89407197573023,0.27810735986906243,0.6823045991553444,0.061411700957259854,0.16074179879068312,0.020205772666685475,0.0028891648862666617,0.01764366359731563,19.8,0.3998113111770201,0.09131086124733018,0.11631569394835004,0.07114199125073382,0.1473889049346891,0.02689861480900958,0.018902187504321624,0.01997956446928708,0.5080621818362786
LA-KAIE-NoLandscape,8,9.248615267657605,0.2585185096355084,0.7684398273835731,0.04066251498122663,0.21360050028795863,0.05585344243027697,0.024563732441130026,0.017955442465175973,19.8,0.39726682641854305,0.08429495347498964,0.10897694798710907,0.08647304057064756,0.19751224196390924,0.020070487843039882,0.06336247119644546,0.021761105876013282,0.41754875108784584
LA-KAIE-NoLandscape,9,10.629598185122392,0.09952502237047522,0.8550027723970632,0.16515764477207331,0.31156315861825024,0.09591297574263616,0.017209719454366043,0.020092613456657357,19.8,0.4351563858600723,0.07477716211853,0.0895548250760245,0.07470289830839649,0.29358634282242085,0.06960556488590608,0.07872516554380218,0.07157040293808048,0.24747763830683941
LA-KAIE-NoLandscape,10,4.339016591327187,0.15506390443300205,0.9322116104656828,0.25160235511178863,0.1048201159193201,0.011655388668239858,0.011766395595138686,1.550828957380071e-05,20.0,0.40868824568054973,0.18864937698741188,0.1949436819873413,0.11780489459989767,0.08584197461599799,0.08789803786351426,0.12139842892508583,0.0608302633635458,0.14263334165720526
LA-KAIE-NoLandscape,11,8.22622256744858,0.24560258619207484,0.9364790396196948,0.2138750006253458,0.2711905083141094,0.027473613357809235,0.00043356457858179326,6.578996012260086e-23,20.0,0.4038322180633761,0.09592382666490469,0.1087587349292897,0.13828209842017772,0.24498154680650788,0.07356079252393473,0.0931177610607177,0.06628835725749802,0.1790868823369696
LA-KAIE-NoLandscape,12,7.882191172807668,0.17978855252845938,0.8305412058489543,0.1184606183252244,0.15730021310049508,0.06563730724232453,0.02471047708740421,0.017327105579444536,19.8,0.3987993320304181,0.10230579198759335,0.11867965819694656,0.07577103833515295,0.14039766650403904,0.05689824296877609,0.06587358206494771,0.050357854844693586,0.38971616509785073
LA-KAIE-RandomExchange,1,6.319608368656428,0.12725073247320226,0.9916649552013777,0.33301499614330926,0.17405264042271112,0.027424667822987598,-0.10415977254396294,0.033496826719862025,19.6,0.40195879938831325,0.13294719997943716,0.06841129191776373,0.13553287977625625,0.13281999705450354,0.13227139121835862,0.1313606669039662,0.1330928492746007,0.1335637238751138
LA-KAIE-RandomExchange,2,6.257607833696691,0.17726186840050995,0.9918556285955666,0.3389510325369409,0.15333266809689947,0.026450637919274673,-0.020460252925141614,0.0053499146959439916,20.0,0.39132421279342955,0.13462888029915465,0.06925076989749325,0.13270839272962837,0.13044314005697832,0.13512830893282116,0.1316515193877586,0.13429069881913336,0.13189828987703228
LA-KAIE-RandomExchange,3,6.274971287632307,0.3495704043056624,0.9918513036215518,0.336019772646536,0.15370969746735302,0.04008678734275255,-0.02226276781108245,0.0057071203441164,20.0,0.3607601416222874,0.13425783099083408,0.06897101471295783,0.13311659041448332,0.1307688423514949,0.13459453900643553,0.13277275117579937,0.13231009227804907,0.1332083390699459
LA-KAIE-RandomExchange,4,6.275981843816438,0.12174502654154577,0.9914835847452952,0.3337349309864713,0.15240464370924595,0.013803780995174602,-0.008314747433100917,0.005005188032519072,20.0,0.38794939317560156,0.13408304240060281,0.06784789675907721,0.1341932186064177,0.13196874102576656,0.13197648721411187,0.13238950150445716,0.13645162126534544,0.13108949122422126
LA-KAIE-RandomExchange,5,6.37345308504378,0.16774650922315817,0.9914250882396283,0.33757091933178696,0.15997348110011142,0.0623909358905013,-0.04914749523023027,0.021572590115272284,19.8,0.38715283653171706,0.13233842785264988,0.06770615649860603,0.13413504539846494,0.13256208556878502,0.1350890802682641,0.13133889916066438,0.13307956446292976,0.13375074078963595
LA-KAIE-RandomExchange,6,6.302801179199866,0.12402671257271636,0.9917665662623681,0.33115793749956246,0.15512200519399516,0.01712221942550579,-0.008614603213964631,0.010168990613991197,19.8,0.3908226073325758,0.13353079896053666,0.06876811653780679,0.13240762871421272,0.13440410299108088,0.131523597198908,0.13341560249526735,0.1337279988658898,0.1322221542362978
LA-KAIE-RandomExchange,7,6.364967671622902,0.2215257098870723,0.991399469120274,0.33519483500370345,0.1515233593649422,0.012834702566600553,-0.00797114817558583,0.034588731237639905,19.4,0.35242437812731114,0.1325215998466616,0.06783253834879086,0.13440254720083655,0.13143962837618428,0.13461780088912928,0.13203217467028405,0.13217372890606094,0.13497998176205245
LA-KAIE-RandomExchange,8,6.347611846265477,0.23896455590005763,0.991564665715936,0.33109558707775866,0.15112684300799342,0.028710406351392548,-0.018732075797784617,0.017816938119782976,19.8,0.3437316089271323,0.13256911820548417,0.06819787373712691,0.13159092319468013,0.13109011947651453,0.13288258627341903,0.13404522986267026,0.13517980994985918,0.13444433930024577
LA-KAIE-RandomExchange,9,6.311630664606976,0.1113691018749698,0.9917399394522972,0.3346566674113919,0.15737434251764632,0.04808957432001813,-0.05353899290962677,2.5365135043055512e-11,20.0,0.37280111294483553,0.1334118139345673,0.06861834149576482,0.13232265373372998,0.13246143062833862,0.13350515822128955,0.1309353454194492,0.1342579191143534,0.13448733745250713
LA-KAIE-RandomExchange,10,6.223518447294543,0.06942455910243404,0.991308586551704,0.33711961339403074,0.15316989190262684,0.009481440533175739,-0.015757926426134338,0.010612546683679506,19.8,0.37213887238581567,0.1352781262737382,0.06739546360128533,0.133244783411887,0.132450117924864,0.13372159413152748,0.132021696502284,0.1349967218049046,0.1308914963495093
LA-KAIE-RandomExchange,11,6.2792530313005255,0.21910608562726294,0.9916088479111611,0.3289127939149525,0.15544087161200046,0.017093993818347565,-0.011349586717279817,4.0750886945840816e-20,20.0,0.3464859267927304,0.13431496802450565,0.06823756649757842,0.13403438647612873,0.1336690924783489,0.13111513144528547,0.13398682833537895,0.1311074549195274,0.13353457182324643
LA-KAIE-RandomExchange,12,6.3192475912659996,0.13974446687595815,0.9916774960025357,0.3352265178410299,0.15223961117243395,0.03668147402743026,-0.02157623908978973,0.0002815840957319757,20.0,0.34845423583939794,0.1333297086609117,0.06832145488616392,0.1337982674470169,0.13194012751297862,0.1335077069399973,0.13174582181895392,0.13434551650303755,0.13301139623094005
