instance,LA-KAIE-Full,LA-KAIE-NoLandscape,LA-KAIE-NoInteraction,LA-KAIE-NoKnowledgeReward,LA-KAIE-DimensionOnly,LA-KAIE-RandomExchange,LA-KAIE-FixedPolicy,LA-KAIE-NoAdaptiveController
1,1.0,2.0,6.0,3.0,5.0,4.0,7.0,8.0
2,4.0,3.0,6.0,1.0,2.0,5.0,7.0,8.0
3,5.0,7.0,8.0,4.0,6.0,3.0,1.0,2.0
4,4.0,8.0,7.0,3.0,6.0,5.0,1.0,2.0
5,4.0,8.0,6.0,7.0,3.0,5.0,2.0,1.0
6,5.0,7.0,4.0,6.0,8.0,3.0,1.0,2.0
7,4.0,3.0,8.0,6.0,5.0,7.0,2.0,1.0
8,6.0,5.0,4.0,7.0,8.0,3.0,1.0,2.0
9,2.0,5.0,7.5,7.5,2.0,5.0,2.0,5.0
10,7.0,6.0,4.0,5.0,8.0,3.0,1.0,2.0
11,7.0,6.0,2.0,8.0,4.5,1.0,3.0,4.5
12,6.0,5.0,7.0,8.0,4.0,2.0,3.0,1.0
