method,anchor,wtl_instances,anchor_avg_rank,method_avg_rank,z,p_raw,p_holm,reject_0.05
HBA,LA-KAIE-Full,11/0/1,7.0,10.833333333333334,-2.604237178532571,0.009207901182984897,0.10128691301283387,False
MPA,LA-KAIE-Full,2/0/10,7.0,4.416666666666667,1.7550294029241233,0.07925427854027586,0.6340342283222069,False
MPHB,LA-KAIE-Full,3/0/9,7.0,5.666666666666667,0.9058216273156764,0.36503027183830417,1.0,False
MPHBS,LA-KAIE-Full,3/0/9,7.0,4.833333333333333,1.4719601443879748,0.1410316405207163,0.987221483645014,False
LA-KAIE-NoLandscape,LA-KAIE-Full,4/2/6,7.0,7.916666666666667,-0.6227523687795279,0.5334472631525882,1.0,False
LA-KAIE-NoInteraction,LA-KAIE-Full,6/2/4,7.0,8.291666666666666,-0.8775147014620613,0.3802071371873734,1.0,False
LA-KAIE-NoKnowledgeReward,LA-KAIE-Full,5/3/4,7.0,7.791666666666667,-0.5378315912186832,0.5906933198847106,1.0,False
LA-KAIE-DimensionOnly,LA-KAIE-Full,6/2/4,7.0,7.541666666666667,-0.3679900360969938,0.7128806637550733,1.0,False
LA-KAIE-RandomExchange,LA-KAIE-Full,4/2/6,7.0,6.0,0.6793662204867574,0.49690584756476797,1.0,False
LA-KAIE-FixedPolicy,LA-KAIE-Full,2/1/9,7.0,3.5,2.3777817717036513,0.017417130286899955,0.17417130286899954,False
LA-KAIE-NoAdaptiveController,LA-KAIE-Full,2/1/9,7.0,4.208333333333333,1.8965640321921982,0.05788550144201805,0.5209695129781625,False
