instance,LA-KAIE-Full,HBA,MPA,MPHB,MPHBS,LA-KAIE-NoLandscape,LA-KAIE-NoInteraction,LA-KAIE-NoKnowledgeReward,LA-KAIE-DimensionOnly,LA-KAIE-RandomExchange,LA-KAIE-FixedPolicy,LA-KAIE-NoAdaptiveController
1,1.0231815394945443e-13,6.437348588406167e-07,0.00015772246882761465,0.0008527536883661923,2.649394787113124e-07,1.1368683772161603e-13,2.1600499167107045e-13,1.2505552149377764e-13,1.7053025658242404e-13,1.3642420526593923e-13,9.742961992742494e-12,1.0070266398543026e-08
2,28.612885455285152,47.40887511469801,18.975117629573298,26.642456364836665,39.24087123458064,28.612885455283028,38.42982593288484,19.633791591793532,28.612885455282786,38.42979196067322,47.40887607842463,48.246677047091815
3,0.3470683838804689,0.2733801984802085,0.002219401369802654,0.015665167702104556,2.4855595393091788e-05,0.5416626002697285,0.5962500500845408,0.16153424794408694,0.3739218510243063,0.04072197134621547,1.3004018228457426e-05,0.0003834608481838586
4,56.1155423985148,69.2489312222937,40.9922281159181,38.00737591181603,37.012411323064654,65.00166779620147,62.68221657711035,49.748166882817145,62.28426429803169,58.50342391133247,26.06812490545053,29.340740858914728
5,374.95632771782243,491.3175296079402,43.90406494884612,19.914360234483684,32.968101533025106,638.145160107315,521.2813705761715,577.8245455817912,360.8802996577325,427.7266335981818,0.34421796830797574,0.16248740428295605
6,57.62880891129348,3275.4221974092898,14.522448570275856,17.35178016161958,31.75215633568623,64.46013431912543,38.31083609303205,59.215555109126356,65.71336063530052,25.62841092837484,4.72205413321044,9.177146053016713
7,38.61167011641542,42.81340612989284,21.726638129148434,25.199074232734848,29.088844358092548,38.55716990025066,45.59322191981064,42.515542825920285,39.85752170279793,44.16699317522043,19.53747953928655,13.974201762838357
8,22.296468677200483,55.510047292249055,17.181145266189834,20.839082541141305,20.934847598801024,22.122087935808395,21.827565680956376,22.52219300575671,22.5451993806606,21.537826361413863,20.615158346398765,20.78949186551845
9,180.78127167774664,180.7905333872145,180.78127181532673,180.78127176180095,180.7812716777501,180.78127167774673,180.78127167774701,180.78127167774701,180.78127167774664,180.78127167774673,180.78127167774664,180.78127167774673
10,170.12471035420612,1711.0601290395985,100.52937054500853,100.56583022092336,61.315263698677974,136.93740385033453,130.46555205805853,134.074699919066,195.2811987801503,100.74240070819451,70.17918033038669,88.49609692624472
11,340.00000000000074,340.00000000000654,300.00482696025284,340.0000007095961,260.0000003444753,320.0000000000008,300.00000000000193,340.0000000000008,320.00000000000074,260.0000000000009,300.0063064707503,320.00000000000074
12,253.33026594980873,362.908733473326,237.3623929955107,237.43710835987378,240.06598959175216,252.41762837082834,253.33866098007047,254.97757617954585,251.2751116899605,243.59437767743793,245.5396485033776,241.03415144450355
