instance,LA-KAIE-Full,HBA,MPA,MPHB,MPHBS
1,1.0231815394945443e-13,6.437348588406167e-07,0.00015772246882761465,0.0008527536883661923,2.649394787113124e-07
2,28.612885455285152,47.40887511469801,18.975117629573298,26.642456364836665,39.24087123458064
3,0.3470683838804689,0.2733801984802085,0.002219401369802654,0.015665167702104556,2.4855595393091788e-05
4,56.1155423985148,69.2489312222937,40.9922281159181,38.00737591181603,37.012411323064654
5,374.95632771782243,491.3175296079402,43.90406494884612,19.914360234483684,32.968101533025106
6,57.62880891129348,3275.4221974092898,14.522448570275856,17.35178016161958,31.75215633568623
7,38.61167011641542,42.81340612989284,21.726638129148434,25.199074232734848,29.088844358092548
8,22.296468677200483,55.510047292249055,17.181145266189834,20.839082541141305,20.934847598801024
9,180.78127167774664,180.7905333872145,180.78127181532673,180.78127176180095,180.7812716777501
10,170.12471035420612,1711.0601290395985,100.52937054500853,100.56583022092336,61.315263698677974
11,340.00000000000074,340.00000000000654,300.00482696025284,340.0000007095961,260.0000003444753
12,253.33026594980873,362.908733473326,237.3623929955107,237.43710835987378,240.06598959175216
