instance,anchor,method,n_pairs,anchor_wins,ties,anchor_losses,anchor_mean,method_mean,anchor_median,method_median,median_paired_diff,p_raw,p_holm_domain,significant_favours
1,LA-KAIE-Full,HBA,5,5,0,0,1.0231815394945443e-13,6.437348588406167e-07,1.1368683772161603e-13,1.1939960131712724e-09,-1.1938823263335507e-09,0.043114446783075355,1.0,none
1,LA-KAIE-Full,MPA,5,5,0,0,1.0231815394945443e-13,0.00015772246882761465,1.1368683772161603e-13,0.0002118668560910919,-0.00021186685592056165,0.043114446783075355,1.0,none
1,LA-KAIE-Full,MPHB,5,5,0,0,1.0231815394945443e-13,0.0008527536883661923,1.1368683772161603e-13,0.0010181812251630618,-0.0010181812251062183,0.043114446783075355,1.0,none
1,LA-KAIE-Full,MPHBS,5,5,0,0,1.0231815394945443e-13,2.649394787113124e-07,1.1368683772161603e-13,1.9662240902107442e-07,-1.9662235217765556e-07,0.043114446783075355,1.0,none
2,LA-KAIE-Full,HBA,5,4,1,0,28.612885455285152,47.40887511469801,44.89546931745133,49.08447897949469,-5.4001247917767614e-11,0.043114446783075355,1.0,none
2,LA-KAIE-Full,MPA,5,3,0,2,28.612885455285152,18.975117629573298,44.89546931745133,0.7675625485996989,-4.5876947751821717e-07,0.892738400944348,1.0,none
2,LA-KAIE-Full,MPHB,5,3,0,2,28.612885455285152,26.642456364836665,44.89546931745133,28.935609709841174,-4.1890108437612525,0.892738400944348,1.0,none
2,LA-KAIE-Full,MPHBS,5,4,0,1,28.612885455285152,39.24087123458064,44.89546931745133,49.084478986124054,-4.189009668672725,0.34523107177184,1.0,none
3,LA-KAIE-Full,HBA,5,2,0,3,0.3470683838804689,0.2733801984802085,0.3835921019841635,0.05295367064900347,0.022049123622650768,0.6858304344516057,1.0,none
3,LA-KAIE-Full,MPA,5,0,0,5,0.3470683838804689,0.002219401369802654,0.3835921019841635,0.0020759608825073883,0.38316149736726857,0.043114446783075355,1.0,none
3,LA-KAIE-Full,MPHB,5,0,0,5,0.3470683838804689,0.015665167702104556,0.3835921019841635,0.006303027672515782,0.3772890743116477,0.043114446783075355,1.0,none
3,LA-KAIE-Full,MPHBS,5,0,0,5,0.3470683838804689,2.4855595393091788e-05,0.3835921019841635,1.4799878385929333e-05,0.38357730210577756,0.043114446783075355,1.0,none
4,LA-KAIE-Full,HBA,5,4,0,1,56.1155423985148,69.2489312222937,57.70742329768382,65.66710587550654,-7.9596825778227185,0.07961580146011343,1.0,none
4,LA-KAIE-Full,MPA,5,1,0,4,56.1155423985148,40.9922281159181,57.70742329768382,40.79322849189509,18.904148275585158,0.13801073756865956,1.0,none
4,LA-KAIE-Full,MPHB,5,1,0,4,56.1155423985148,38.00737591181603,57.70742329768382,33.828558062805314,20.894089479997092,0.07961580146011343,1.0,none
4,LA-KAIE-Full,MPHBS,5,1,0,4,56.1155423985148,37.012411323064654,57.70742329768382,38.803332606296635,22.883987692606183,0.07961580146011343,1.0,none
5,LA-KAIE-Full,HBA,5,3,0,2,374.95632771782243,491.3175296079402,334.80787939635024,564.4076608413752,-107.0251901370325,0.5001842570707944,1.0,none
5,LA-KAIE-Full,MPA,5,0,0,5,374.95632771782243,43.90406494884612,334.80787939635024,11.212148099563706,189.3924226734756,0.043114446783075355,1.0,none
5,LA-KAIE-Full,MPHB,5,0,0,5,374.95632771782243,19.914360234483684,334.80787939635024,20.95054840568048,311.04274335853495,0.043114446783075355,1.0,none
5,LA-KAIE-Full,MPHBS,5,1,0,4,374.95632771782243,32.968101533025106,334.80787939635024,17.200781759688653,304.022091150189,0.07961580146011343,1.0,none
6,LA-KAIE-Full,HBA,5,5,0,0,57.62880891129348,3275.4221974092898,63.56811203914458,624.4092096366394,-587.4216188895327,0.043114446783075355,1.0,none
6,LA-KAIE-Full,MPA,5,0,0,5,57.62880891129348,14.522448570275856,63.56811203914458,13.215210632416529,39.52093733036031,0.043114446783075355,1.0,none
6,LA-KAIE-Full,MPHB,5,0,0,5,57.62880891129348,17.35178016161958,63.56811203914458,15.026535720162428,44.21324615913363,0.043114446783075355,1.0,none
6,LA-KAIE-Full,MPHBS,5,1,0,4,57.62880891129348,31.75215633568623,63.56811203914458,24.70827914905294,35.50780227487871,0.07961580146011343,1.0,none
7,LA-KAIE-Full,HBA,5,2,0,3,38.61167011641542,42.81340612989284,41.05270854375112,38.591844767407565,1.863734043259683,0.892738400944348,1.0,none
7,LA-KAIE-Full,MPA,5,0,0,5,38.61167011641542,21.726638129148434,41.05270854375112,22.61928482351641,18.433423720234714,0.043114446783075355,1.0,none
7,LA-KAIE-Full,MPHB,5,1,0,4,38.61167011641542,25.199074232734848,41.05270854375112,25.30195555544765,13.734436527460502,0.07961580146011343,1.0,none
7,LA-KAIE-Full,MPHBS,5,0,0,5,38.61167011641542,29.088844358092548,41.05270854375112,29.57938056591661,7.708070010227175,0.043114446783075355,1.0,none
8,LA-KAIE-Full,HBA,5,5,0,0,22.296468677200483,55.510047292249055,22.225487371472354,25.031959964665475,-2.9316687708123936,0.043114446783075355,1.0,none
8,LA-KAIE-Full,MPA,5,0,0,5,22.296468677200483,17.181145266189834,22.225487371472354,20.57022011954632,1.7910424022570623,0.043114446783075355,1.0,none
8,LA-KAIE-Full,MPHB,5,0,0,5,22.296468677200483,20.839082541141305,22.225487371472354,20.78079680807059,1.2979687372735498,0.043114446783075355,1.0,none
8,LA-KAIE-Full,MPHBS,5,0,0,5,22.296468677200483,20.934847598801024,22.225487371472354,20.92335441704563,0.9542977909013644,0.043114446783075355,1.0,none
9,LA-KAIE-Full,HBA,5,4,1,0,180.78127167774664,180.7905333872145,180.78127167774664,180.78260911896405,-0.001337441217401647,0.043114446783075355,1.0,none
9,LA-KAIE-Full,MPA,5,5,0,0,180.78127167774664,180.78127181532673,180.78127167774664,180.78127176761336,-8.986671673483215e-08,0.043114446783075355,1.0,none
9,LA-KAIE-Full,MPHB,5,5,0,0,180.78127167774664,180.78127176180095,180.78127167774664,180.78127167926868,-1.5220393834169954e-09,0.043114446783075355,1.0,none
9,LA-KAIE-Full,MPHBS,5,5,0,0,180.78127167774664,180.7812716777501,180.78127167774664,180.78127167774983,-3.183231456205249e-12,0.043114446783075355,1.0,none
10,LA-KAIE-Full,HBA,5,5,0,0,170.12471035420612,1711.0601290395985,100.9033307416662,1079.0394721632692,-978.2378356272061,0.043114446783075355,1.0,none
10,LA-KAIE-Full,MPA,5,0,0,5,170.12471035420612,100.52937054500853,100.9033307416662,100.49340933406938,0.40992140759681206,0.043114446783075355,1.0,none
10,LA-KAIE-Full,MPHB,5,0,0,5,170.12471035420612,100.56583022092336,100.9033307416662,100.58252890362382,0.4047737331843564,0.043114446783075355,1.0,none
10,LA-KAIE-Full,MPHBS,5,0,0,5,170.12471035420612,61.315263698677974,100.9033307416662,100.34109472111913,97.3633067500923,0.043114446783075355,1.0,none
11,LA-KAIE-Full,HBA,5,4,0,1,340.00000000000074,340.00000000000654,300.0000000000009,300.00000000000637,-5.002220859751105e-12,0.34523107177184,1.0,none
11,LA-KAIE-Full,MPA,5,4,0,1,340.00000000000074,300.00482696025284,300.0000000000009,400.00036907056983,-0.0013183346823097963,0.5001842570707944,1.0,none
11,LA-KAIE-Full,MPHB,5,4,0,1,340.00000000000074,340.0000007095961,300.0000000000009,300.0000003868481,-2.4709424906177446e-07,0.34523107177184,1.0,none
11,LA-KAIE-Full,MPHBS,5,3,0,2,340.00000000000074,260.0000003444753,300.0000000000009,300.0000000530699,-2.4348082661163062e-08,0.6858304344516057,1.0,none
12,LA-KAIE-Full,HBA,5,5,0,0,253.33026594980873,362.908733473326,250.4511732944502,364.41873634935064,-117.56219078435925,0.043114446783075355,1.0,none
12,LA-KAIE-Full,MPA,5,0,0,5,253.33026594980873,237.3623929955107,250.4511732944502,237.96401657876413,14.021066903108931,0.043114446783075355,1.0,none
12,LA-KAIE-Full,MPHB,5,0,0,5,253.33026594980873,237.43710835987378,250.4511732944502,235.27876060808967,14.466826935485642,0.043114446783075355,1.0,none
12,LA-KAIE-Full,MPHBS,5,0,0,5,253.33026594980873,240.06598959175216,250.4511732944502,239.55716013579604,11.26608247193326,0.043114446783075355,1.0,none
