Paper,Year,Algorithm,RL/learning mechanism,Information exchange level,Landscape awareness,Variable interaction modeling,Group-wise exchange,Knowledge-aware reward,Benchmark,Main difference from LA-KAIE,Evidence available,Link
"Flores & Olivares, MPHBS: A novel hybrid metaheuristic with SARSA-guided information exchange, Knowledge-Based Systems 352:117070",2026,MPHBS,"SARSA-style tabular update (dimension-wise contextual-bandit-like), Q indexed by (dimension, ranked row, source)",Dimension-wise component assembly from ranked HBA/MPA memories,No (state = dimension index),No,No (explicitly dimension-wise; paper lists strong coupling as a threat to validity),"No (ternary sign of improvement)",CEC2022 D20; 8 FIR cases,"Same HBA-MPA backbone and benchmarks. LA-KAIE replaces the per-dimension Q-table with a landscape-conditioned controller over exchange MODES (when/which source/granularity) and transfers estimated interaction groups.",Full text + code,https://doi.org/10.1016/j.knosys.2026.117070
"Real Variable Interaction Crossover (RVIntX) - Variable Importance and Interaction in Differential Evolution: Online Learning and a New Recombination Operator (Springer LNCS chapter)",2025-2026 (from ISBN prefix; not verified),DE + RVIntX,"Online linkage learning (variable importance and interaction) inside DE",Recombination masks between parents,No landscape-state controller reported in abstract,YES - online-estimated epistatic structure,"YES - interaction-aware recombination masks",Not stated in snippet,CEC2017,"CLOSE OVERLAP on the group-preserving recombination idea. Differences (per abstract only): single-population DE crossover, no controller that decides when to exchange or dimension-vs-group granularity, no cross-population source selection.",Search snippet / abstract only (full text blocked),https://link.springer.com/chapter/10.1007/978-3-032-15984-7_41
"Using Variable Interaction Graphs to Improve Particle Swarm Optimization (VIGPSO), GECCO 2025 (extended arXiv 2509.06985)",2025,VIGPSO,"Online learning of a variable interaction graph from Pearson correlations of particle updates",Particle trajectory update,No,YES - learned VIG from population dynamics (no extra FEs),"Partially - VIG modifies continuous trajectories rather than discrete group transfer",Not reported,Eight benchmark functions,"Interaction estimated from population data without extra FEs (similar spirit to LA-KAIE's estimator). No information exchange between heterogeneous populations, no adaptive mode controller.",Search snippet / abstract only,https://arxiv.org/abs/2509.06985
"Exploiting linkage information in real-valued optimization with RV-GOMEA (GECCO 2017) and follow-ups (conditional linkage models, GECCO 2020; fitness-based linkage learning, IEEE TEVC 2021)",2017-2021,RV-GOMEA,"Linkage model learned from population (or fitness-based linkage learning); no RL",Gene-pool optimal mixing over Family-Of-Subsets (FOS),No,YES - linkage model / FOS,"YES - both univariate and multivariate subsets are mixed (dimension AND group level)",No,Gray-box & black-box continuous benchmarks,"CLOSE OVERLAP on group-level vs dimension-level mixing driven by learned linkage. GOMEA iterates over all FOS elements deterministically (no landscape-conditioned choice of granularity, no two-population source selection); fitness-based linkage learning costs extra evaluations.",Search snippets / abstracts only,https://dl.acm.org/doi/10.1145/3071178.3071272
"Adaptive Linkage Crossover, Evolutionary Computation 8(3) (MIT Press)",2000,ALC,"Adaptive linkage matrix evolved with the population",Crossover,No,YES - explicit linkage matrix,YES - linkage-based crossover,No,GA benchmarks,"Early linkage-matrix crossover; no controller, no landscape state, no heterogeneous hybrid.",Abstract snippet only,https://direct.mit.edu/evco/article-abstract/8/3/341/879/Adaptive-Linkage-Crossover
"Landscape-Aware Bandit Hyper-Heuristics for Online Operator Selection in UAV Inspection Routing (LA-BHH), arXiv 2605.14620",2026,LA-BHH,"LinUCB contextual bandit, online",Operator (move) selection,YES - static landscape descriptors + online search-state features incl. stagnation,No,No,Improvement rewards (single objective component per snippet),UAV inspection routing (combinatorial),"CLOSE on the controller concept (landscape-aware contextual bandit choosing operators online). Different domain, no variable-interaction model, no cross-population exchange. Also shares the 'LA-' prefix - naming collision risk.",Search snippet / abstract only,https://arxiv.org/abs/2605.14620
"RL-HPSDE: Differential evolution with hybrid parameters and mutation strategies based on reinforcement learning, Swarm and Evolutionary Computation",2022,RL-HPSDE,"Q-learning; individuals as agents",Mutation strategy + parameter selection,YES - dynamic fitness-distance correlation and ruggedness define 4 states,No,No,Not in snippet,CEC benchmarks (per snippet: not specified),"Landscape-state RL controller already exists for operator selection. No interaction model, no group exchange, no heterogeneous two-population hybrid.",Search snippet only,https://www.sciencedirect.com/science/article/abs/pii/S2210650222001602
"Sharma, Komninos, Lopez-Ibanez, Kazakov - Deep Reinforcement Learning Based Parameter Control in Differential Evolution (DE-DDQN), GECCO 2019",2019,DE-DDQN,"Double deep Q-network trained offline, applied online",Mutation strategy per parent,YES - 99 state features incl. landscape features,No,No,No,CEC2005 D10/D30,"Landscape-feature state for operator selection (offline-trained deep model). No interaction groups, no cross-population exchange.",Abstract snippet,https://arxiv.org/abs/1905.08006
"Reinforcement Learning-based Self-adaptive Differential Evolution through Automated Landscape Feature Learning (arXiv 2503.18061)",2025,RLDE-AFL,"RL with learned landscape features",Operator / parameter control in DE,YES - learned landscape features,No,No,Not in snippet,Not in snippet,"Landscape-aware RL control of DE; no interaction-group exchange or heterogeneous two-population information exchange.",Search snippet only,https://arxiv.org/abs/2503.18061
"An interactive evolutionary multitask optimization algorithm for variables group-level knowledge transfer (EMTO-IVG), Applied Soft Computing",2026,EMTO-IVG,"Transfer strategy adjusted via user interaction",Between tasks (multitask),No,YES - variable groups,YES - group-level knowledge transfer,No,Multitask benchmarks,"Group-level transfer exists in multitask optimization (between tasks, user-in-the-loop). LA-KAIE transfers within one task between two heterogeneous optimizers with an automatic controller.",Search snippet only,https://www.sciencedirect.com/science/article/abs/pii/S1568494626000219
"Differential grouping family (DG / DG2 / Extended DG / Enhanced DG) for cooperative co-evolution",2014-2018,DG family + CC,No learning controller,Subcomponent decomposition,No,YES - perturbation-based interaction detection,Groups define CC subproblems (not exchange),No,CEC LSGO,"Interaction detection costs extra FEs and is used for decomposition, not for adaptive cross-population exchange.",Search snippets,https://dl.acm.org/doi/10.1145/2739480.2754666
