method,instance,run,exchange_frequency,successful_exchange_rate,controller_entropy,exploration_exploitation_ratio,group_level_fraction,ic_group,ic_dim,final_S8,final_n_groups,overhead_fraction,share_A1,share_A2,share_A3,share_A4,share_A5,share_A6,share_A7,share_A8
LA-KAIE-DimensionOnly,1,1,6.349282296650718,0.2562170308967596,0.6852455143347991,0.025193798449612403,0.0,,0.014318010550113038,0.03288982753828935,19,0.45567810178869583,0.11827242524916944,0.13089700996677742,0.0212624584717608,0.014617940199335547,0.01727574750830565,0.12358803986710963,0.029235880398671095,0.5448504983388704
LA-KAIE-DimensionOnly,1,2,3.6697674418604653,0.3181242078580482,0.816343133998175,0.06724511930585683,0.0,,0.0,0.0,20,0.4444508265940983,0.201417004048583,0.201417004048583,0.05263157894736842,0.03441295546558704,0.03137651821862348,0.0597165991902834,0.043522267206477734,0.37550607287449395
LA-KAIE-DimensionOnly,1,3,3.7069767441860466,0.328732747804266,0.8106954837926237,0.08744394618834081,0.0,,0.030740276035131745,0.029827612705101113,20,0.4396925591006498,0.2053838484546361,0.20638085742771686,0.01694915254237288,0.09870388833499502,0.038883349950149554,0.04685942173479561,0.027916251246261216,0.3589232303090728
LA-KAIE-DimensionOnly,1,4,4.572769953051643,0.2741273100616016,0.7144683494886936,0.05246913580246913,0.0,,0.017453798767967144,0.0001615128763723993,20,0.44504381305903606,0.16323024054982818,0.17525773195876287,0.03608247422680412,0.03436426116838488,0.029209621993127148,0.022336769759450172,0.03436426116838488,0.5051546391752577
LA-KAIE-DimensionOnly,1,5,2.903225806451613,0.4126984126984127,0.8535645437197684,0.14606741573033707,0.0,,0.0,0.0,20,0.44341918463310176,0.25089179548156954,0.2615933412604043,0.18192627824019025,0.04518430439952437,0.030915576694411414,0.020214030915576695,0.04875148632580262,0.1605231866825208
LA-KAIE-FixedPolicy,1,1,23.942857142857143,0.017899761336515514,-0.0,0.0,1.0,0.007080350039777245,,0.003482656698723425,20,0.3895524327311774,0.0,0.0,0.0,1.0,0.0,0.0,0.0,0.0
LA-KAIE-FixedPolicy,1,2,23.942857142857143,0.018138424821002388,-0.0,0.0,1.0,0.0405727923627685,,0.084375,19,0.3901693516545583,0.0,0.0,0.0,1.0,0.0,0.0,0.0,0.0
LA-KAIE-FixedPolicy,1,3,23.942857142857143,0.012887828162291169,-0.0,0.0,1.0,-0.025457438345266505,,0.09332799498635876,19,0.3863058986939856,0.0,0.0,0.0,1.0,0.0,0.0,0.0,0.0
LA-KAIE-FixedPolicy,1,4,23.942857142857143,0.017183770883054894,-0.0,0.0,1.0,0.030310262529832935,,0.0049233520904674085,20,0.3938760017896766,0.0,0.0,0.0,1.0,0.0,0.0,0.0,0.0
LA-KAIE-FixedPolicy,1,5,23.942857142857143,0.024105011933174224,-0.0,0.0,1.0,0.027446300715990454,,0.04754389836556512,19,0.3853863057848485,0.0,0.0,0.0,1.0,0.0,0.0,0.0,0.0
LA-KAIE-Full,1,1,6.349282296650718,0.2562170308967596,0.6852455143347991,0.025193798449612403,0.016578749058025623,0.0,0.014559386973180077,0.03288982753828935,19,0.4510269610650413,0.11827242524916944,0.13089700996677742,0.0212624584717608,0.014617940199335547,0.01727574750830565,0.12358803986710963,0.029235880398671095,0.5448504983388704
LA-KAIE-Full,1,2,3.6697674418604653,0.3181242078580482,0.816343133998175,0.06724511930585683,0.043092522179974654,0.0,0.0,0.0,20,0.4448112396725077,0.201417004048583,0.201417004048583,0.05263157894736842,0.03441295546558704,0.03137651821862348,0.0597165991902834,0.043522267206477734,0.37550607287449395
LA-KAIE-Full,1,3,8.22439024390244,0.2491103202846975,0.6922520141357155,0.0373066424021838,0.1874258600237248,0.10443037974683544,0.014598540145985401,0.00037286431121390684,20,0.4646270135264398,0.08716838115863562,0.1061180292365999,0.020032485110990796,0.17108825121819166,0.022198159177043854,0.03248511099079589,0.02057390362750406,0.5403356794802382
LA-KAIE-Full,1,4,1.9908675799086757,0.536697247706422,0.8137486092286543,0.2336448598130841,0.1559633027522936,0.11764705882352941,0.03260869565217391,0.0001615128763723993,20,0.43485613263479533,0.3312883435582822,0.3159509202453988,0.049079754601226995,0.10429447852760736,0.03834355828220859,0.0352760736196319,0.0352760736196319,0.09049079754601227
LA-KAIE-Full,1,5,2.903225806451613,0.4126984126984127,0.8535645437197684,0.14606741573033707,0.06031746031746032,0.0,0.0,0.0,20,0.4501273386335681,0.25089179548156954,0.2615933412604043,0.18192627824019025,0.04518430439952437,0.030915576694411414,0.020214030915576695,0.04875148632580262,0.1605231866825208
LA-KAIE-NoAdaptiveController,1,1,23.942857142857143,0.14272076372315035,0.3755856957712074,0.13204951856946354,0.0,,-0.05608591885441527,0.05333874376505539,19,0.3523486498576868,0.0,0.0,0.6529832935560859,0.0,0.04582338902147971,0.0,0.0,0.3011933174224344
LA-KAIE-NoAdaptiveController,1,2,23.942857142857143,0.1343675417661098,0.4569245620959575,0.30429988974641675,0.0,,-0.03937947494033413,0.04855331511724305,19,0.3511229004976514,0.0,0.0,0.5670644391408115,0.0,0.13174224343675417,0.0,0.0,0.3011933174224344
LA-KAIE-NoAdaptiveController,1,3,23.942857142857143,0.13484486873508353,0.35173299686731313,0.08683068017366136,0.0,,-0.08568019093078759,0.03748580478241342,20,0.36272258274881153,0.0,0.0,0.6701670644391408,0.0,0.028639618138424822,0.0,0.0,0.3011933174224344
LA-KAIE-NoAdaptiveController,1,4,23.942857142857143,0.14439140811455847,0.44417474557729947,0.2755453501722158,0.0,,-0.13985680190930788,0.10096426826017504,18,0.3458064473081725,0.0,0.0,0.5842482100238664,0.0,0.11455847255369929,0.0,0.0,0.3011933174224344
LA-KAIE-NoAdaptiveController,1,5,23.942857142857143,0.1460620525059666,0.3680756648438072,0.11748251748251748,0.0,,-0.1364359586316627,0.11709598639673238,18,0.37147535730109704,0.0,0.0,0.6587112171837709,0.0,0.04009546539379475,0.0,0.0,0.3011933174224344
LA-KAIE-NoInteraction,1,1,1.5818181818181818,0.6063218390804598,0.6736266827191432,0.26666666666666666,0.3764367816091954,-0.6786977857724857,0.9269941824749606,0.9670253182962396,5,0.4738551532185884,0.3873239436619718,0.36619718309859156,0.01584507042253521,0.02992957746478873,0.014084507042253521,0.022887323943661973,0.14788732394366197,0.01584507042253521
LA-KAIE-NoInteraction,1,2,1.6454545454545455,0.6740331491712708,0.7077140054556843,0.20408163265306123,0.26795580110497236,-0.6977087224674522,0.7114958803152756,0.9608710578431001,5,0.45960075979552073,0.37800687285223367,0.38144329896907214,0.07388316151202749,0.06357388316151202,0.01718213058419244,0.044673539518900345,0.018900343642611683,0.022336769759450172
LA-KAIE-NoInteraction,1,3,1.6454545454545455,0.6740331491712708,0.6664740203932839,0.375,0.35911602209944754,-0.6514406342080854,0.9198974259135668,0.9447325893548486,4,0.46752234854713354,0.37800687285223367,0.38144329896907214,0.01718213058419244,0.14776632302405499,0.020618556701030927,0.022336769759450172,0.020618556701030927,0.012027491408934709
LA-KAIE-NoInteraction,1,4,1.1719457013574661,0.8146718146718147,0.54515308523904,0.25806451612903225,0.16602316602316602,-0.7261723903108342,0.9408256290473611,0.9578838368812296,5,0.47647541570574764,0.46041666666666664,0.4354166666666667,0.014583333333333334,0.0125,0.016666666666666666,0.014583333333333334,0.0125,0.03333333333333333
LA-KAIE-NoInteraction,1,5,1.6272727272727272,0.6787709497206704,0.712439607409899,0.13924050632911392,0.3407821229050279,-0.7181509867492231,0.8584018851629298,0.9373950761932897,5,0.4684540624347276,0.3806228373702422,0.3771626297577855,0.031141868512110725,0.039792387543252594,0.01903114186851211,0.029411764705882353,0.03460207612456748,0.08823529411764706
LA-KAIE-NoKnowledgeReward,1,1,1.8584474885844748,0.48402948402948404,0.7567062460317738,0.05789473684210526,0.044226044226044224,0.16666666666666666,0.030848329048843187,0.0001953125,20,0.4058985541358988,0.3446054750402576,0.28502415458937197,0.014492753623188406,0.028985507246376812,0.017713365539452495,0.08373590982286634,0.020933977455716585,0.20450885668276972
LA-KAIE-NoKnowledgeReward,1,2,4.516431924882629,0.26715176715176714,0.8279722172208988,0.044850498338870434,0.060291060291060294,0.017241379310344827,-0.0011061946902654867,0.00029296875,20,0.44612853579425493,0.16997411561691114,0.16566005176876616,0.0457290767903365,0.05004314063848145,0.023295944779982744,0.0992234685073339,0.04918032786885246,0.3968938740293356
LA-KAIE-NoKnowledgeReward,1,3,0.6787330316742082,0.6933333333333334,0.5381897923431991,0.6571428571428571,0.07333333333333333,0.0,0.0,4.8828125e-05,20,0.40243080358894145,0.5956873315363881,0.2695417789757412,0.0026954177897574125,0.029649595687331536,0.06199460916442048,0.026954177897574125,0.008086253369272238,0.005390835579514825
LA-KAIE-NoKnowledgeReward,1,4,2.045662100456621,0.5625,0.7867390908479066,0.4,0.033482142857142856,0.0,0.03002309468822171,0.0005859375,20,0.4222334119031549,0.32732732732732733,0.32732732732732733,0.08858858858858859,0.02252252252252252,0.08108108108108109,0.010510510510510511,0.03153153153153153,0.1111111111111111
LA-KAIE-NoKnowledgeReward,1,5,2.8986175115207375,0.5071542130365659,0.7639540194853927,0.054140127388535034,0.10015898251192369,0.0,0.0,0.0,20,0.429576160629061,0.2511904761904762,0.26071428571428573,0.02261904761904762,0.075,0.02023809523809524,0.02738095238095238,0.016666666666666666,0.3261904761904762
LA-KAIE-NoLandscape,1,1,1.9771689497716896,0.5311778290993071,0.7591211667679814,0.0763888888888889,0.04387990762124711,0.05263157894736842,0.04589371980676329,0.000390625,20,0.39515168747638596,0.3317901234567901,0.3132716049382716,0.08333333333333333,0.029320987654320986,0.016975308641975308,0.18518518518518517,0.020061728395061727,0.020061728395061727
LA-KAIE-NoLandscape,1,2,1.1266968325791855,0.8032128514056225,0.5500107597822833,0.44,0.020080321285140562,0.0,0.20081967213114754,0.0001599698328292796,20,0.40333805541793344,0.4690831556503198,0.42430703624733473,0.017057569296375266,0.010660980810234541,0.023454157782515993,0.01279317697228145,0.0255863539445629,0.017057569296375266
LA-KAIE-NoLandscape,1,3,15.303664921465968,0.2569278138898392,0.33940398645058656,0.015879017013232515,0.010263427984946972,0.0,0.00553059108192188,0.0001953125,20,0.41228775326784367,0.02987056090275473,0.05741785595751742,0.010952538997676734,0.009956853634251576,0.013939595087952207,0.020245602389644873,0.013939595087952207,0.8436773979422503
LA-KAIE-NoLandscape,1,4,12.147208121827411,0.3146677810279983,0.4159354500554073,0.019464720194647202,0.042206435436690344,0.04950495049504951,0.013525305410122163,0.001171875,20,0.4138465709135728,0.04585326953748006,0.0729665071770335,0.009968102073365232,0.040271132376395534,0.01594896331738437,0.012360446570972886,0.011562998405103669,0.7910685805422647
LA-KAIE-NoLandscape,1,5,6.421052631578948,0.45976154992548435,0.5040316881131492,0.01091901728844404,0.005961251862891207,0.0,-0.0074962518740629685,0.042326379414340184,19,0.3942106444741682,0.11066931742876077,0.14049039098740887,0.00728959575878065,0.005301524188204109,0.007952286282306162,0.0390987408880053,0.007952286282306162,0.681245858184228
LA-KAIE-RandomExchange,1,1,6.331730769230769,0.13059984813971146,0.989610828417108,0.322061191626409,0.14578587699316628,0.057291666666666664,-0.034666666666666665,0.001953125,20,0.3876198751987364,0.1324110671936759,0.06389986824769434,0.13175230566534915,0.12648221343873517,0.13175230566534915,0.12779973649538867,0.13636363636363635,0.14953886693017127
LA-KAIE-RandomExchange,1,2,6.360576923076923,0.16477702191987906,0.9908935200258553,0.33816425120772947,0.1564625850340136,0.05314009661835749,-0.008960573476702509,0.05015133768105311,19,0.38264516361711426,0.13245901639344262,0.06754098360655737,0.13901639344262295,0.13573770491803278,0.1377049180327869,0.1318032786885246,0.1180327868852459,0.1377049180327869
LA-KAIE-RandomExchange,1,3,6.855072463768116,0.13671599718111346,0.9907439259275997,0.31164901664145234,0.14799154334038056,0.026984126984126985,-0.040529363110008265,0.0005855112018634006,20,0.3828166100717017,0.12353304508956146,0.06732550957381099,0.13773934527486104,0.12970969734403953,0.1272390364422483,0.14762198888202593,0.13341568869672638,0.13341568869672638
LA-KAIE-RandomExchange,1,4,7.354368932038835,0.15247524752475247,0.9897778004482132,0.34545454545454546,0.16237623762376238,0.012195121951219513,-0.008668242710795903,9.765625e-05,20,0.3867760761849397,0.11558669001751314,0.06713368359603035,0.11733800350262696,0.1436077057793345,0.14419147694103912,0.13660245183887915,0.1389375364856976,0.13660245183887915
LA-KAIE-RandomExchange,1,5,6.826086956521739,0.1387119603680113,0.9894130129355432,0.34513274336283184,0.14154281670205238,0.005,-0.006595218466611707,9.765625e-05,20,0.38505282046908657,0.12561881188118812,0.06373762376237624,0.13861386138613863,0.12376237623762376,0.1448019801980198,0.14294554455445543,0.12871287128712872,0.1318069306930693
