arm,function,D,run,seed
H_null,S1,10,1,83211001
H_null,S1,10,2,83211002
H_null,S1,10,3,83211003
H_null,S1,10,4,83211004
H_null,S1,10,5,83211005
H_null,S1,20,1,83212001
H_null,S1,20,2,83212002
H_null,S1,20,3,83212003
H_null,S1,20,4,83212004
H_null,S1,20,5,83212005
H_null,S3,10,1,83231001
H_null,S3,10,2,83231002
H_null,S3,10,3,83231003
H_null,S3,10,4,83231004
H_null,S3,10,5,83231005
H_null,S3,20,1,83232001
H_null,S3,20,2,83232002
H_null,S3,20,3,83232003
H_null,S3,20,4,83232004
H_null,S3,20,5,83232005
H_pos,S1,10,1,83211001
H_pos,S1,10,2,83211002
H_pos,S1,10,3,83211003
H_pos,S1,10,4,83211004
H_pos,S1,10,5,83211005
H_pos,S1,20,1,83212001
H_pos,S1,20,2,83212002
H_pos,S1,20,3,83212003
H_pos,S1,20,4,83212004
H_pos,S1,20,5,83212005
H_pos,S3,10,1,83231001
H_pos,S3,10,2,83231002
H_pos,S3,10,3,83231003
H_pos,S3,10,4,83231004
H_pos,S3,10,5,83231005
H_pos,S3,20,1,83232001
H_pos,S3,20,2,83232002
H_pos,S3,20,3,83232003
H_pos,S3,20,4,83232004
H_pos,S3,20,5,83232005
