benchmark,instance,run,seed,FE,best,status,runtime,dimension,N,iterations
CEC2022,1,1,20261406,199930,1.4391002878255676e-07,ok,16.416382343999885,20,30,1738
CEC2022,1,2,20261407,199930,8.198855994123733e-08,ok,17.228373608999846,20,30,1738
CEC2022,1,3,20261408,199930,3.3240030461456627e-07,ok,16.603740745000096,20,30,1738
CEC2022,1,4,20261409,199930,7.13313283995376e-08,ok,16.77712627400001,20,30,1738
CEC2022,1,5,20261410,199930,0.0003502707340885536,ok,15.675134660999902,20,30,1738
CEC2022,1,6,20261411,199930,1.5217466398098622e-07,ok,16.40734158700002,20,30,1738
CEC2022,1,7,20261412,199930,2.8339218260953203e-07,ok,15.788347224000063,20,30,1738
CEC2022,1,8,20261413,199930,1.4836763284620247e-07,ok,16.226495042999886,20,30,1738
CEC2022,1,9,20261414,199930,1.675816747592762e-07,ok,15.483838249999962,20,30,1738
CEC2022,1,10,20261415,199930,1.3553949429478962e-07,ok,16.00211162200003,20,30,1738
CEC2022,1,11,20261416,199930,5.901461008761544e-08,ok,16.081114810999907,20,30,1738
CEC2022,1,12,20261417,199930,1.858734890447522e-07,ok,15.361941350000052,20,30,1738
CEC2022,1,13,20261418,199930,2.1003728534196853e-07,ok,15.830175645000054,20,30,1738
CEC2022,1,14,20261419,199930,3.790689788729651e-07,ok,16.146344651000163,20,30,1738
CEC2022,1,15,20261420,199930,3.4420020256220596e-07,ok,15.960186853000096,20,30,1738
CEC2022,1,16,20261421,199930,1.653006620472297e-07,ok,16.117650880999918,20,30,1738
CEC2022,1,17,20261422,199930,1.6998444607452257e-07,ok,15.64338442799999,20,30,1738
CEC2022,1,18,20261423,199930,2.1694228280466632e-07,ok,15.779764681000188,20,30,1738
CEC2022,1,19,20261424,199930,1.0084607993121608e-07,ok,16.05489411999997,20,30,1738
CEC2022,1,20,20261425,199930,5.265619051897374e-07,ok,15.328748203000032,20,30,1738
CEC2022,1,21,20261426,199930,2.919292114711425e-07,ok,14.929748150000023,20,30,1738
CEC2022,1,22,20261427,199930,8.924496341933263e-07,ok,15.640823870999839,20,30,1738
CEC2022,1,23,20261428,199930,2.1757631429863977e-07,ok,15.749802641000088,20,30,1738
CEC2022,1,24,20261429,199930,5.93283857597271e-08,ok,15.21754755400002,20,30,1738
CEC2022,1,25,20261430,199930,2.524051865293586e-07,ok,16.192486157999838,20,30,1738
CEC2022,1,26,20261431,199930,5.499979920386977e-07,ok,16.18754002599985,20,30,1738
CEC2022,1,27,20261432,199930,2.206837166340847e-07,ok,14.87693143599995,20,30,1738
CEC2022,1,28,20261433,199930,7.49374180486484e-08,ok,15.87700359900009,20,30,1738
CEC2022,1,29,20261434,199930,2.878234681702452e-07,ok,16.027754087999938,20,30,1738
CEC2022,1,30,20261435,199930,9.187876344185497e-07,ok,15.736619391000204,20,30,1738
CEC2022,2,1,20262406,199930,0.2519315749101452,ok,16.426596923000034,20,30,1738
CEC2022,2,2,20262407,199930,2.8951425999637195,ok,16.520619277999913,20,30,1738
CEC2022,2,3,20262408,199930,44.89546931745372,ok,15.466246373999866,20,30,1738
CEC2022,2,4,20262409,199930,49.08447902713556,ok,15.167076824999867,20,30,1738
CEC2022,2,5,20262410,199930,44.895469319139806,ok,16.611472152000033,20,30,1738
CEC2022,2,6,20262411,199930,49.08447898498952,ok,15.139207702000022,20,30,1738
CEC2022,2,7,20262412,199930,49.0844789881852,ok,15.658560914999953,20,30,1738
CEC2022,2,8,20262413,199930,44.895469317809784,ok,15.109591597999952,20,30,1738
CEC2022,2,9,20262414,199930,49.08447898857315,ok,16.04581915299991,20,30,1738
CEC2022,2,10,20262415,199930,49.084478996238204,ok,15.596871173999943,20,30,1738
CEC2022,2,11,20262416,199930,0.523886087031201,ok,15.51362802000017,20,30,1738
CEC2022,2,12,20262417,199930,44.89546931796838,ok,15.032335525000008,20,30,1738
CEC2022,2,13,20262418,199930,49.08447902715653,ok,15.477154486000018,20,30,1738
CEC2022,2,14,20262419,199930,0.00047001945915781107,ok,14.6129641980001,20,30,1738
CEC2022,2,15,20262420,199930,49.08447899468166,ok,14.881730689000051,20,30,1738
CEC2022,2,16,20262421,199930,49.08447899278792,ok,15.134949169000038,20,30,1738
CEC2022,2,17,20262422,199930,0.00012103509607186425,ok,14.306512698999995,20,30,1738
CEC2022,2,18,20262423,199930,49.08447901645616,ok,15.223526555000035,20,30,1738
CEC2022,2,19,20262424,199930,0.28107762442760986,ok,15.098393497000188,20,30,1738
CEC2022,2,20,20262425,199930,49.08447898470342,ok,14.857973779000076,20,30,1738
CEC2022,2,21,20262426,199930,49.08447901086328,ok,14.50107636100006,20,30,1738
CEC2022,2,22,20262427,199930,44.89546931873434,ok,15.228649727999937,20,30,1738
CEC2022,2,23,20262428,199930,49.084478987925195,ok,15.073247913999921,20,30,1738
CEC2022,2,24,20262429,199930,49.084478986597844,ok,15.141250095000032,20,30,1738
CEC2022,2,25,20262430,199930,44.89546931877709,ok,14.94906713399996,20,30,1738
CEC2022,2,26,20262431,199930,49.08447899982713,ok,15.89659780199986,20,30,1738
CEC2022,2,27,20262432,199930,49.084478988506646,ok,15.934839845999932,20,30,1738
CEC2022,2,28,20262433,199930,0.00976860182532846,ok,15.570633215000043,20,30,1738
CEC2022,2,29,20262434,199930,49.084478987440434,ok,15.512755685999991,20,30,1738
CEC2022,2,30,20262435,199930,49.084478994907215,ok,16.535143939000136,20,30,1738
CEC2022,3,1,20263406,199930,1.9697594098033733e-05,ok,15.618185869000172,20,30,1738
CEC2022,3,2,20263407,199930,1.1172991207786254e-06,ok,15.52847569000005,20,30,1738
CEC2022,3,3,20263408,199930,2.7020348625228507e-06,ok,16.277681809999876,20,30,1738
CEC2022,3,4,20263409,199930,7.005471616139403e-07,ok,16.443920171999935,20,30,1738
CEC2022,3,5,20263410,199930,0.057370250784288146,ok,17.03078924800002,20,30,1738
CEC2022,3,6,20263411,199930,3.5897201087209396e-06,ok,15.6798171800001,20,30,1738
CEC2022,3,7,20263412,199930,1.4172107285048696e-05,ok,17.101785139999947,20,30,1738
CEC2022,3,8,20263413,199930,5.5697806828902685e-06,ok,16.222590224999976,20,30,1738
CEC2022,3,9,20263414,199930,1.5382848118861148e-05,ok,15.312461874999826,20,30,1738
CEC2022,3,10,20263415,199930,6.133721740297915e-06,ok,16.20296581499997,20,30,1738
CEC2022,3,11,20263416,199930,9.819943670663633e-06,ok,15.030161895999981,20,30,1738
CEC2022,3,12,20263417,199930,0.0001448274981612485,ok,16.96490221099998,20,30,1738
CEC2022,3,13,20263418,199930,1.3991843843541574e-06,ok,15.541861272999995,20,30,1738
CEC2022,3,14,20263419,199930,2.1667044620699016e-06,ok,15.814949398999943,20,30,1738
CEC2022,3,15,20263420,199930,5.6291136161235045e-06,ok,15.855527374000076,20,30,1738
CEC2022,3,16,20263421,199930,4.525352096607094e-06,ok,15.570650214999887,20,30,1738
CEC2022,3,17,20263422,199930,6.3518151591779315e-06,ok,15.016266180999992,20,30,1738
CEC2022,3,18,20263423,199930,7.927975502752815e-07,ok,14.775840705000064,20,30,1738
CEC2022,3,19,20263424,199930,4.380139444037923e-06,ok,15.216184840000096,20,30,1738
CEC2022,3,20,20263425,199930,5.133787419708824e-05,ok,15.517556653999918,20,30,1738
CEC2022,3,21,20263426,199930,6.362708063534228e-06,ok,15.201970705000122,20,30,1738
CEC2022,3,22,20263427,199930,2.927308264588646e-05,ok,15.4341377799999,20,30,1738
CEC2022,3,23,20263428,199930,6.85524628352141e-06,ok,14.687981581000031,20,30,1738
CEC2022,3,24,20263429,199930,7.746553137621959e-06,ok,15.555123846000015,20,30,1738
CEC2022,3,25,20263430,199930,3.5469520298647694e-06,ok,15.989338010999973,20,30,1738
CEC2022,3,26,20263431,199930,6.059348606868298e-06,ok,15.796954232999951,20,30,1738
CEC2022,3,27,20263432,199930,6.917743462508952e-05,ok,14.949829080999962,20,30,1738
CEC2022,3,28,20263433,199930,2.929108234184241e-05,ok,15.939989519000164,20,30,1738
CEC2022,3,29,20263434,199930,2.7978142611573276e-05,ok,14.915950092000003,20,30,1738
CEC2022,3,30,20263435,199930,5.8655913335314835e-06,ok,14.91188373,20,30,1738
CEC2022,4,1,20264406,199930,32.8335984604571,ok,14.714466112000082,20,30,1738
CEC2022,4,2,20264407,199930,28.8537672698983,ok,15.093253008000147,20,30,1738
CEC2022,4,3,20264408,199930,28.853787466845006,ok,15.235082573,20,30,1738
CEC2022,4,4,20264409,199930,54.722449261547354,ok,15.404077442000016,20,30,1738
CEC2022,4,5,20264410,199930,50.74282114014272,ok,14.5481203490001,20,30,1738
CEC2022,4,6,20264411,199930,49.747862083045675,ok,14.43626426600008,20,30,1738
CEC2022,4,7,20264412,199930,54.72263213397957,ok,14.80599882599995,20,30,1738
CEC2022,4,8,20264413,199930,34.82352161245865,ok,14.923736681000037,20,30,1738
CEC2022,4,9,20264414,199930,38.803347765236026,ok,14.920696988999907,20,30,1738
CEC2022,4,10,20264415,199930,21.889079104988014,ok,15.298314554999934,20,30,1738
CEC2022,4,11,20264416,199930,52.73274937540441,ok,14.544307591999996,20,30,1738
CEC2022,4,12,20264417,199930,59.69734141187746,ok,15.03561922400013,20,30,1738
CEC2022,4,13,20264418,199930,36.813409454289854,ok,15.017065052000135,20,30,1738
CEC2022,4,14,20264419,199930,59.697356570770125,ok,14.195344663000014,20,30,1738
CEC2022,4,15,20264420,199930,26.86384915571523,ok,14.129979291999916,20,30,1738
CEC2022,4,16,20264421,199930,23.87899721900351,ok,14.044844190999811,20,30,1738
CEC2022,4,17,20264422,199930,57.70744349439849,ok,14.124387881000075,20,30,1738
CEC2022,4,18,20264423,199930,34.8235165746695,ok,14.35065016800013,20,30,1738
CEC2022,4,19,20264424,199930,37.80838870809737,ok,15.486413022000079,20,30,1738
CEC2022,4,20,20264425,199930,27.858828409518992,ok,14.945593185999996,20,30,1738
CEC2022,4,21,20264426,199930,26.863849155758317,ok,14.199121357999957,20,30,1738
CEC2022,4,22,20264427,199930,31.83863940336994,ok,14.671874758000058,20,30,1738
CEC2022,4,23,20264428,199930,32.83361865717097,ok,14.950469280000107,20,30,1738
CEC2022,4,24,20264429,199930,35.81847563173358,ok,14.428551122000044,20,30,1738
CEC2022,4,25,20264430,199930,59.69735657076649,ok,14.452334558999837,20,30,1738
CEC2022,4,26,20264431,199930,43.77811781612354,ok,15.416046958000152,20,30,1738
CEC2022,4,27,20264432,199930,22.884048237514435,ok,15.790695957000025,20,30,1738
CEC2022,4,28,20264433,199930,46.763005108480115,ok,15.65940144199999,20,30,1738
CEC2022,4,29,20264434,199930,35.81847563173153,ok,15.200055225999904,20,30,1738
CEC2022,4,30,20264435,199930,37.58625862795725,ok,15.75459719000014,20,30,1738
CEC2022,5,1,20265406,199930,10.12599339048279,ok,14.720344158999978,20,30,1738
CEC2022,5,2,20265407,199930,100.41522368827259,ok,15.24917331100005,20,30,1738
CEC2022,5,3,20265408,199930,5.948370222288986,ok,14.944204702999969,20,30,1738
CEC2022,5,4,20265409,199930,8.086479014782299,ok,14.838763457999903,20,30,1738
CEC2022,5,5,20265410,199930,26.040466984955856,ok,14.259240658999943,20,30,1738
CEC2022,5,6,20265411,199930,29.545833021540034,ok,14.995869896000158,20,30,1738
CEC2022,5,7,20265412,199930,15.062119780580929,ok,15.16882528799988,20,30,1738
CEC2022,5,8,20265413,199930,51.03867859209902,ok,15.39004775300009,20,30,1738
CEC2022,5,9,20265414,199930,17.519457498059637,ok,15.149374639999905,20,30,1738
CEC2022,5,10,20265415,199930,31.235367838352886,ok,14.39203676499983,20,30,1738
CEC2022,5,11,20265416,199930,7.5401723572522314,ok,14.954928952000046,20,30,1738
CEC2022,5,12,20265417,199930,112.90964906963279,ok,15.133452831999875,20,30,1738
CEC2022,5,13,20265418,199930,35.40367279122472,ok,15.049479325999982,20,30,1738
CEC2022,5,14,20265419,199930,46.960884988564544,ok,15.83857796899997,20,30,1738
CEC2022,5,15,20265420,199930,30.041678801399257,ok,14.607298936000007,20,30,1738
CEC2022,5,16,20265421,199930,102.39132556456775,ok,15.956354618000205,20,30,1738
CEC2022,5,17,20265422,199930,15.586752733292997,ok,15.69679672999996,20,30,1738
CEC2022,5,18,20265423,199930,14.519828683112905,ok,15.929093746000035,20,30,1738
CEC2022,5,19,20265424,199930,9.157426985528105,ok,16.010132144999943,20,30,1738
CEC2022,5,20,20265425,199930,3.5216018896438754,ok,15.214908309000066,20,30,1738
CEC2022,5,21,20265426,199930,12.725528107660011,ok,14.871460897000134,20,30,1738
CEC2022,5,22,20265427,199930,48.671179701471374,ok,15.318705894999994,20,30,1738
CEC2022,5,23,20265428,199930,9.84255166258663e-09,ok,14.92723002799994,20,30,1738
CEC2022,5,24,20265429,199930,4.814264365611848,ok,15.67768536199992,20,30,1738
CEC2022,5,25,20265430,199930,6.522779477706308,ok,15.988521319000256,20,30,1738
CEC2022,5,26,20265431,199930,13.584009476439064,ok,15.209698571000217,20,30,1738
CEC2022,5,27,20265432,199930,9.51451481969002,ok,15.536923440999999,20,30,1738
CEC2022,5,28,20265433,199930,19.074165477247107,ok,15.803584351000154,20,30,1738
CEC2022,5,29,20265434,199930,2.857651496945209,ok,15.407087677000163,20,30,1738
CEC2022,5,30,20265435,199930,81.63925457931225,ok,15.526683566999964,20,30,1738
CEC2022,6,1,20266406,199930,37.283260387503105,ok,14.718091026000366,20,30,1738
CEC2022,6,2,20266407,199930,30.83902486455895,ok,15.210361721999561,20,30,1738
CEC2022,6,3,20266408,199930,19.451772766833074,ok,14.704754906999824,20,30,1738
CEC2022,6,4,20266409,199930,27.438629571301817,ok,14.93832617299995,20,30,1738
CEC2022,6,5,20266410,199930,33.482862651201685,ok,15.207348854999964,20,30,1738
CEC2022,6,6,20266411,199930,11.387765432800961,ok,15.37988455499999,20,30,1738
CEC2022,6,7,20266412,199930,33.77029967807903,ok,14.413907495999865,20,30,1738
CEC2022,6,8,20266413,199930,15.147137397751521,ok,15.050366399999803,20,30,1738
CEC2022,6,9,20266414,199930,15.559587249425476,ok,14.98099262200003,20,30,1738
CEC2022,6,10,20266415,199930,6.87090229022192,ok,14.790978455000186,20,30,1738
CEC2022,6,11,20266416,199930,9.434353686652457,ok,14.86319229999981,20,30,1738
CEC2022,6,12,20266417,199930,18.419854104811066,ok,15.034189509000043,20,30,1738
CEC2022,6,13,20266418,199930,24.52593835481207,ok,14.982019688000037,20,30,1738
CEC2022,6,14,20266419,199930,9.89211049112987,ok,15.005466641000112,20,30,1738
CEC2022,6,15,20266420,199930,13.07309272385578,ok,14.443393585999729,20,30,1738
CEC2022,6,16,20266421,199930,5.481921426654026,ok,14.865562286999648,20,30,1738
CEC2022,6,17,20266422,199930,14.681941575330484,ok,14.973777376999806,20,30,1738
CEC2022,6,18,20266423,199930,26.112886988598575,ok,15.39810301999978,20,30,1738
CEC2022,6,19,20266424,199930,17.021037792775587,ok,14.955979063000086,20,30,1738
CEC2022,6,20,20266425,199930,17.28178764579161,ok,15.007052772999941,20,30,1738
CEC2022,6,21,20266426,199930,15.971281825852202,ok,14.278868136000256,20,30,1738
CEC2022,6,22,20266427,199930,17.458695204533342,ok,14.376429918999747,20,30,1738
CEC2022,6,23,20266428,199930,8.55209077857944,ok,14.561445460999948,20,30,1738
CEC2022,6,24,20266429,199930,43.60145622835353,ok,14.399147553999683,20,30,1738
CEC2022,6,25,20266430,199930,65.59380083492715,ok,14.828767552000045,20,30,1738
CEC2022,6,26,20266431,199930,6.902577027099142,ok,15.402867381000306,20,30,1738
CEC2022,6,27,20266432,199930,20.789291987380466,ok,14.50136856600011,20,30,1738
CEC2022,6,28,20266433,199930,40.77592448929158,ok,14.291966165999838,20,30,1738
CEC2022,6,29,20266434,199930,2.372406958086003,ok,14.527162033999957,20,30,1738
CEC2022,6,30,20266435,199930,45.36498953469095,ok,15.135512153000036,20,30,1738
CEC2022,7,1,20267406,199930,41.73299445468115,ok,15.53446060899978,20,30,1738
CEC2022,7,2,20267407,199930,29.58063609742635,ok,15.456463348000398,20,30,1738
CEC2022,7,3,20267408,199930,37.75998049756549,ok,15.516556573000344,20,30,1738
CEC2022,7,4,20267409,199930,51.42254537779718,ok,16.233707920000143,20,30,1738
CEC2022,7,5,20267410,199930,23.29780011180833,ok,15.712464951000129,20,30,1738
CEC2022,7,6,20267411,199930,31.131878641011554,ok,15.329888871000094,20,30,1738
CEC2022,7,7,20267412,199930,31.258252652926103,ok,14.962152443999912,20,30,1738
CEC2022,7,8,20267413,199930,31.257907694257028,ok,15.072529507000127,20,30,1738
CEC2022,7,9,20267414,199930,29.268031904286318,ok,14.80213009299996,20,30,1738
CEC2022,7,10,20267415,199930,25.418512921528418,ok,15.192086219999965,20,30,1738
CEC2022,7,11,20267416,199930,25.971177640964925,ok,15.439587716999995,20,30,1738
CEC2022,7,12,20267417,199930,22.29118331089012,ok,16.15513472900011,20,30,1738
CEC2022,7,13,20267418,199930,23.300576985858243,ok,15.490905678999752,20,30,1738
CEC2022,7,14,20267419,199930,28.584960504317678,ok,16.060780324999996,20,30,1738
CEC2022,7,15,20267420,199930,21.30693345529903,ok,15.469630219999999,20,30,1738
CEC2022,7,16,20267421,199930,60.1669145783585,ok,16.00686910100012,20,30,1738
CEC2022,7,17,20267422,199930,22.303836723344602,ok,15.403523313999813,20,30,1738
CEC2022,7,18,20267423,199930,30.575841885724913,ok,15.659544060999906,20,30,1738
CEC2022,7,19,20267424,199930,42.9094660964513,ok,17.26067247200035,20,30,1738
CEC2022,7,20,20267425,199930,37.22714675188877,ok,16.006425916999888,20,30,1738
CEC2022,7,21,20267426,199930,32.251870605374734,ok,14.998492031999831,20,30,1738
CEC2022,7,22,20267427,199930,21.310196527667586,ok,15.428966781999861,20,30,1738
CEC2022,7,23,20267428,199930,40.21273735533805,ok,15.695277091000207,20,30,1738
CEC2022,7,24,20267429,199930,8.120861860704053,ok,15.281350960000054,20,30,1738
CEC2022,7,25,20267430,199930,19.408394338319113,ok,15.327386730000399,20,30,1738
CEC2022,7,26,20267431,199930,28.585910704772004,ok,16.004525625000042,20,30,1738
CEC2022,7,27,20267432,199930,28.705487847875702,ok,15.312208819999796,20,30,1738
CEC2022,7,28,20267433,199930,25.969594829326297,ok,14.69046015899994,20,30,1738
CEC2022,7,29,20267434,199930,24.975721610504024,ok,15.552177266999934,20,30,1738
CEC2022,7,30,20267435,199930,54.70706915625624,ok,15.539501505999851,20,30,1738
CEC2022,8,1,20268406,199930,20.495457953801633,ok,15.40244747800034,20,30,1738
CEC2022,8,2,20268407,199930,20.67061419728543,ok,15.716545291999864,20,30,1738
CEC2022,8,3,20268408,199930,20.738150756844334,ok,15.259514470999875,20,30,1738
CEC2022,8,4,20268409,199930,20.34033977329318,ok,15.30942511000012,20,30,1738
CEC2022,8,5,20268410,199930,20.94063167415834,ok,15.696075850000398,20,30,1738
CEC2022,8,6,20268411,199930,20.898468155492992,ok,15.333921456000098,20,30,1738
CEC2022,8,7,20268412,199930,22.34260723132411,ok,15.63684160799994,20,30,1738
CEC2022,8,8,20268413,199930,20.957741430101123,ok,15.28724027599992,20,30,1738
CEC2022,8,9,20268414,199930,20.855566371437362,ok,15.692217407000044,20,30,1738
CEC2022,8,10,20268415,199930,21.702460113247525,ok,15.252560678999998,20,30,1738
CEC2022,8,11,20268416,199930,21.347136638775737,ok,14.800243995999608,20,30,1738
CEC2022,8,12,20268417,199930,21.22762294503991,ok,15.505434434000108,20,30,1738
CEC2022,8,13,20268418,199930,21.037195363239334,ok,15.440015953000056,20,30,1738
CEC2022,8,14,20268419,199930,20.939625134371454,ok,15.227680880999742,20,30,1738
CEC2022,8,15,20268420,199930,20.848493186807445,ok,16.28782475099979,20,30,1738
CEC2022,8,16,20268421,199930,20.447670055898016,ok,15.244667727999968,20,30,1738
CEC2022,8,17,20268422,199930,20.689767626468893,ok,14.944598533999851,20,30,1738
CEC2022,8,18,20268423,199930,5.08080640760727,ok,15.522893601000305,20,30,1738
CEC2022,8,19,20268424,199930,21.415040344586487,ok,16.103842961999817,20,30,1738
CEC2022,8,20,20268425,199930,20.465909747229034,ok,15.242507707000186,20,30,1738
CEC2022,8,21,20268426,199930,20.65694944698953,ok,15.329877295000188,20,30,1738
CEC2022,8,22,20268427,199930,20.79840239309715,ok,15.400824490000105,20,30,1738
CEC2022,8,23,20268428,199930,21.14787506193261,ok,14.970029979999708,20,30,1738
CEC2022,8,24,20268429,199930,20.352390030601782,ok,14.949994310999955,20,30,1738
CEC2022,8,25,20268430,199930,20.39714434755888,ok,14.907824540000092,20,30,1738
CEC2022,8,26,20268431,199930,20.58720454424156,ok,14.819409059000009,20,30,1738
CEC2022,8,27,20268432,199930,21.1344348562875,ok,15.58968007400017,20,30,1738
CEC2022,8,28,20268433,199930,21.9445670689729,ok,15.060059410000122,20,30,1738
CEC2022,8,29,20268434,199930,21.204721155852894,ok,15.424833272999876,20,30,1738
CEC2022,8,30,20268435,199930,21.357565818461353,ok,15.074186987999838,20,30,1738
CEC2022,9,1,20269406,199930,180.78127167781804,ok,14.38920747200018,20,30,1738
CEC2022,9,2,20269407,199930,180.78127168672927,ok,14.960648649000177,20,30,1738
CEC2022,9,3,20269408,199930,180.7812716787871,ok,14.413474220000353,20,30,1738
CEC2022,9,4,20269409,199930,180.78127167775438,ok,14.25025536799967,20,30,1738
CEC2022,9,5,20269410,199930,180.78127167781167,ok,15.232602555000085,20,30,1738
CEC2022,9,6,20269411,199930,180.781271677748,ok,14.377719411999806,20,30,1738
CEC2022,9,7,20269412,199930,180.78127167785715,ok,14.451888792000318,20,30,1738
CEC2022,9,8,20269413,199930,180.78127167775438,ok,14.918390841000019,20,30,1738
CEC2022,9,9,20269414,199930,180.78127167776165,ok,14.738855316000354,20,30,1738
CEC2022,9,10,20269415,199930,180.78127167775256,ok,14.714936638999916,20,30,1738
CEC2022,9,11,20269416,199930,180.78127167781895,ok,14.583917430999918,20,30,1738
CEC2022,9,12,20269417,199930,180.78127167774755,ok,14.727513168999849,20,30,1738
CEC2022,9,13,20269418,199930,180.78127167776347,ok,14.473544243000106,20,30,1738
CEC2022,9,14,20269419,199930,180.78127167779166,ok,14.950244066999858,20,30,1738
CEC2022,9,15,20269420,199930,180.78127167774755,ok,14.9659827280002,20,30,1738
CEC2022,9,16,20269421,199930,180.78127167780895,ok,14.45740200299997,20,30,1738
CEC2022,9,17,20269422,199930,180.7812716777844,ok,14.797665899000094,20,30,1738
CEC2022,9,18,20269423,199930,180.78127167776802,ok,15.039938785000231,20,30,1738
CEC2022,9,19,20269424,199930,180.78127167775074,ok,14.458406880999974,20,30,1738
CEC2022,9,20,20269425,199930,180.7812716785761,ok,15.352995833000023,20,30,1738
CEC2022,9,21,20269426,199930,180.78127167792218,ok,15.090320199999951,20,30,1738
CEC2022,9,22,20269427,199930,180.78127167812954,ok,14.718101834999743,20,30,1738
CEC2022,9,23,20269428,199930,180.781271677748,ok,14.496987126000022,20,30,1738
CEC2022,9,24,20269429,199930,180.7812716777621,ok,14.4492875560004,20,30,1738
CEC2022,9,25,20269430,199930,180.78127167774983,ok,14.826920166000036,20,30,1738
CEC2022,9,26,20269431,199930,180.7812716780536,ok,14.627795494999646,20,30,1738
CEC2022,9,27,20269432,199930,180.78127167775756,ok,14.185216046999813,20,30,1738
CEC2022,9,28,20269433,199930,180.78127167774983,ok,15.001831076000144,20,30,1738
CEC2022,9,29,20269434,199930,180.78127167775028,ok,15.819841805000124,20,30,1738
CEC2022,9,30,20269435,199930,180.78127167775392,ok,15.757283563999863,20,30,1738
CEC2022,10,1,20270406,199930,100.36173550361582,ok,15.363887207000062,20,30,1738
CEC2022,10,2,20270407,199930,100.62221993730736,ok,14.779076884999995,20,30,1738
CEC2022,10,3,20270408,199930,100.40365415644828,ok,14.612211106999894,20,30,1738
CEC2022,10,4,20270409,199930,100.46198488028904,ok,14.436450466000224,20,30,1738
CEC2022,10,5,20270410,199930,5.224251031640961,ok,14.899643668999943,20,30,1738
CEC2022,10,6,20270411,199930,19.450471389096492,ok,14.827772018999894,20,30,1738
CEC2022,10,7,20270412,199930,100.40603643552686,ok,14.909517220999987,20,30,1738
CEC2022,10,8,20270413,199930,100.29532478833471,ok,14.975932320000084,20,30,1738
CEC2022,10,9,20270414,199930,1.8949251929093407,ok,15.853533898000023,20,30,1738
CEC2022,10,10,20270415,199930,100.5304950992927,ok,15.962862561000293,20,30,1738
CEC2022,10,11,20270416,199930,100.39489047191728,ok,15.380492359000073,20,30,1738
CEC2022,10,12,20270417,199930,100.47356310886789,ok,15.26043960700008,20,30,1738
CEC2022,10,13,20270418,199930,231.29391921229217,ok,14.698891328000173,20,30,1738
CEC2022,10,14,20270419,199930,10.214085714658268,ok,14.498182182999699,20,30,1738
CEC2022,10,15,20270420,199930,3.6347091267844007,ok,14.305946871999822,20,30,1738
CEC2022,10,16,20270421,199930,100.49168712112896,ok,14.560324013999889,20,30,1738
CEC2022,10,17,20270422,199930,100.30372130851129,ok,14.541527432000294,20,30,1738
CEC2022,10,18,20270423,199930,100.46678301174325,ok,15.077914937999594,20,30,1738
CEC2022,10,19,20270424,199930,100.36146001720272,ok,15.514110230999904,20,30,1738
CEC2022,10,20,20270425,199930,100.44194945938807,ok,15.368326313000125,20,30,1738
CEC2022,10,21,20270426,199930,100.54345187164608,ok,15.472220605000075,20,30,1738
CEC2022,10,22,20270427,199930,100.44354663628928,ok,15.157538092999857,20,30,1738
CEC2022,10,23,20270428,199930,100.42638136189407,ok,15.51776008500019,20,30,1738
CEC2022,10,24,20270429,199930,100.39535664538153,ok,15.196430008000334,20,30,1738
CEC2022,10,25,20270430,199930,122.07205765932076,ok,15.014563592000286,20,30,1738
CEC2022,10,26,20270431,199930,133.77438640856963,ok,14.111232844999904,20,30,1738
CEC2022,10,27,20270432,199930,100.39008606601737,ok,14.403342201000214,20,30,1738
CEC2022,10,28,20270433,199930,100.49759984266893,ok,14.536611072999676,20,30,1738
CEC2022,10,29,20270434,199930,100.44486278903423,ok,14.470333435999692,20,30,1738
CEC2022,10,30,20270435,199930,100.39720808770062,ok,15.010212319999937,20,30,1738
CEC2022,11,1,20271406,199930,400.00000017229695,ok,15.496665947999645,20,30,1738
CEC2022,11,2,20271407,199930,300.0000006034966,ok,15.70457667699975,20,30,1738
CEC2022,11,3,20271408,199930,300.0000018508995,ok,15.436479410000175,20,30,1738
CEC2022,11,4,20271409,199930,400.00000014998295,ok,15.883124081999995,20,30,1738
CEC2022,11,5,20271410,199930,300.0000002420911,ok,15.809934406000139,20,30,1738
CEC2022,11,6,20271411,199930,400.0000000723908,ok,15.354922564999924,20,30,1738
CEC2022,11,7,20271412,199930,300.00000011543443,ok,15.452539888000047,20,30,1738
CEC2022,11,8,20271413,199930,300.0000000262803,ok,15.354521019000003,20,30,1738
CEC2022,11,9,20271414,199930,300.0000002033771,ok,15.155100121000032,20,30,1738
CEC2022,11,10,20271415,199930,300.0000001016115,ok,15.246766510999805,20,30,1738
CEC2022,11,11,20271416,199930,300.00000028741215,ok,14.955004003999875,20,30,1738
CEC2022,11,12,20271417,199930,300.000000010642,ok,14.964806957999826,20,30,1738
CEC2022,11,13,20271418,199930,300.0000000115224,ok,15.958927304999634,20,30,1738
CEC2022,11,14,20271419,199930,300.00000095769883,ok,15.98592718000009,20,30,1738
CEC2022,11,15,20271420,199930,400.0000000926011,ok,16.76958684600004,20,30,1738
CEC2022,11,16,20271421,199930,300.0000003945079,ok,15.718188826999722,20,30,1738
CEC2022,11,17,20271422,199930,300.0000000441323,ok,15.840379160000339,20,30,1738
CEC2022,11,18,20271423,199930,300.00000071826844,ok,15.482700679999652,20,30,1738
CEC2022,11,19,20271424,199930,300.0000001285848,ok,15.151346773000114,20,30,1738
CEC2022,11,20,20271425,199930,300.00000010787335,ok,15.077133790000062,20,30,1738
CEC2022,11,21,20271426,199930,300.000000126337,ok,15.550500717999967,20,30,1738
CEC2022,11,22,20271427,199930,400.0000000197183,ok,15.679452849999961,20,30,1738
CEC2022,11,23,20271428,199930,400.00000009812993,ok,15.40599019299998,20,30,1738
CEC2022,11,24,20271429,199930,300.000000624972,ok,15.514641085000221,20,30,1738
CEC2022,11,25,20271430,199930,300.00000000840873,ok,15.779852582999865,20,30,1738
CEC2022,11,26,20271431,199930,300.000000647296,ok,16.033215993999875,20,30,1738
CEC2022,11,27,20271432,199930,300.0000000252012,ok,15.775971248000133,20,30,1738
CEC2022,11,28,20271433,199930,400.00000006478604,ok,15.600712032000047,20,30,1738
CEC2022,11,29,20271434,199930,400.00000009437963,ok,14.946314808999887,20,30,1738
CEC2022,11,30,20271435,199930,300.0000050519229,ok,15.298384524000085,20,30,1738
CEC2022,12,1,20272406,199930,239.44179590913882,ok,15.055289000999892,20,30,1738
CEC2022,12,2,20272407,199930,239.2540917060428,ok,15.0556700369998,20,30,1738
CEC2022,12,3,20272408,199930,245.6827232222795,ok,15.25174731199968,20,30,1738
CEC2022,12,4,20272409,199930,240.8301388269506,ok,15.418684477999705,20,30,1738
CEC2022,12,5,20272410,199930,236.21900948666416,ok,15.189925500999834,20,30,1738
CEC2022,12,6,20272411,199930,243.1048787885311,ok,15.36376757500011,20,30,1738
CEC2022,12,7,20272412,199930,236.66960563778775,ok,15.45567286000005,20,30,1738
CEC2022,12,8,20272413,199930,238.03919842189907,ok,15.782239891000245,20,30,1738
CEC2022,12,9,20272414,199930,237.48307217902175,ok,15.59518518799996,20,30,1738
CEC2022,12,10,20272415,199930,235.56924277625285,ok,15.96316704999981,20,30,1738
CEC2022,12,11,20272416,199930,241.15249915033382,ok,16.117534550000073,20,30,1738
CEC2022,12,12,20272417,199930,243.42091555898196,ok,15.849872541999957,20,30,1738
CEC2022,12,13,20272418,199930,253.9372234947623,ok,16.052691394999783,20,30,1738
CEC2022,12,14,20272419,199930,236.06408838160996,ok,14.836541047000082,20,30,1738
CEC2022,12,15,20272420,199930,242.33140170249953,ok,15.389999054000327,20,30,1738
CEC2022,12,16,20272421,199930,243.54193538537538,ok,15.774089828999877,20,30,1738
CEC2022,12,17,20272422,199930,241.4128036464781,ok,15.535047604999818,20,30,1738
CEC2022,12,18,20272423,199930,244.43298018097084,ok,15.32152925399987,20,30,1738
CEC2022,12,19,20272424,199930,239.7693070959058,ok,14.627406126000096,20,30,1738
CEC2022,12,20,20272425,199930,237.7571980557109,ok,14.968831658999989,20,30,1738
CEC2022,12,21,20272426,199930,247.327354974233,ok,15.51664957400044,20,30,1738
CEC2022,12,22,20272427,199930,242.11459302872936,ok,15.11293413500016,20,30,1738
CEC2022,12,23,20272428,199930,265.3127482820428,ok,15.38793700799988,20,30,1738
CEC2022,12,24,20272429,199930,234.7359912706379,ok,16.034201519999897,20,30,1738
CEC2022,12,25,20272430,199930,239.79489774720605,ok,15.888563393999902,20,30,1738
CEC2022,12,26,20272431,199930,245.42727251640144,ok,15.061585024999658,20,30,1738
CEC2022,12,27,20272432,199930,245.1665344676694,ok,15.509959002999949,20,30,1738
CEC2022,12,28,20272433,199930,237.04272889020103,ok,15.687950761000138,20,30,1738
CEC2022,12,29,20272434,199930,238.1834253996958,ok,15.443760893000217,20,30,1738
CEC2022,12,30,20272435,199930,233.97430094618994,ok,15.289611632999822,20,30,1738
FIR,1,1,20361406,149857,0.005320266250033257,ok,18.17463625499977,31,30,919
FIR,1,2,20361407,149857,0.004792722737984257,ok,18.37673919000008,31,30,919
FIR,1,3,20361408,149857,0.005412680540132337,ok,17.772732027000075,31,30,919
FIR,1,4,20361409,149857,0.00465396734635423,ok,18.072855335999975,31,30,919
FIR,1,5,20361410,149857,0.006203692972030191,ok,18.27506412699995,31,30,919
FIR,1,6,20361411,149857,0.005091888335167152,ok,18.459044334000282,31,30,919
FIR,1,7,20361412,149857,0.006084381384961131,ok,17.920050917000026,31,30,919
FIR,1,8,20361413,149857,0.004686613193264938,ok,18.787799821000135,31,30,919
FIR,1,9,20361414,149857,0.005348345484285719,ok,17.591551219000394,31,30,919
FIR,1,10,20361415,149857,0.005443973996476453,ok,17.910659100999965,31,30,919
FIR,1,11,20361416,149857,0.004591223180585144,ok,18.451221913000154,31,30,919
FIR,1,12,20361417,149857,0.004998197246082334,ok,18.109473375000107,31,30,919
FIR,1,13,20361418,149857,0.005578412839197083,ok,18.09999780599992,31,30,919
FIR,1,14,20361419,149857,0.005703277598232177,ok,18.535831444999985,31,30,919
FIR,1,15,20361420,149857,0.004637461747958191,ok,18.252051804000075,31,30,919
FIR,1,16,20361421,149857,0.005429360003358356,ok,17.972983032999764,31,30,919
FIR,1,17,20361422,149857,0.005097988613332347,ok,18.34708158400008,31,30,919
FIR,1,18,20361423,149857,0.004562858322745979,ok,17.65476754099973,31,30,919
FIR,1,19,20361424,149857,0.005254954873367197,ok,18.22746762900033,31,30,919
FIR,1,20,20361425,149857,0.004900992524641601,ok,18.175734403000206,31,30,919
FIR,1,21,20361426,149857,0.004738721260581665,ok,18.77666003200011,31,30,919
FIR,1,22,20361427,149857,0.004781511886324873,ok,18.6937163409998,31,30,919
FIR,1,23,20361428,149857,0.007352620502242201,ok,18.539672321000126,31,30,919
FIR,1,24,20361429,149857,0.004947877805268834,ok,18.435784268000134,31,30,919
FIR,1,25,20361430,149857,0.004702548329219346,ok,18.45362718100023,31,30,919
FIR,1,26,20361431,149857,0.005589884369545625,ok,18.12642250500039,31,30,919
FIR,1,27,20361432,149857,0.008218053552223811,ok,18.157235149999906,31,30,919
FIR,1,28,20361433,149857,0.006607537896797273,ok,18.100284653000017,31,30,919
FIR,1,29,20361434,149857,0.005326294418683447,ok,18.478430195999863,31,30,919
FIR,1,30,20361435,149857,0.004821795799664451,ok,18.105599052999878,31,30,919
FIR,2,1,20362406,149857,0.02090814816698979,ok,18.18687920100001,31,30,919
FIR,2,2,20362407,149857,0.017158142677832038,ok,17.818742824999845,31,30,919
FIR,2,3,20362408,149857,0.017581866359964733,ok,17.58994560600013,31,30,919
FIR,2,4,20362409,149857,0.01710942270342603,ok,17.606190321999748,31,30,919
FIR,2,5,20362410,149857,0.021924567956181747,ok,17.97356709299993,31,30,919
FIR,2,6,20362411,149857,0.018813571970649597,ok,18.466867925000315,31,30,919
FIR,2,7,20362412,149857,0.01876975201453518,ok,18.612877026000206,31,30,919
FIR,2,8,20362413,149857,0.018134835322588607,ok,18.144253418000062,31,30,919
FIR,2,9,20362414,149857,0.01767225647843279,ok,18.293613241999992,31,30,919
FIR,2,10,20362415,149857,0.024285919316276036,ok,18.530797508999967,31,30,919
FIR,2,11,20362416,149857,0.024522063192766473,ok,17.979341892999855,31,30,919
FIR,2,12,20362417,149857,0.01761282928293042,ok,18.094237596000312,31,30,919
FIR,2,13,20362418,149857,0.024197091098003227,ok,18.983173970999815,31,30,919
FIR,2,14,20362419,149857,0.017661973538376095,ok,18.251075869000033,31,30,919
FIR,2,15,20362420,149857,0.020773529676951653,ok,18.615393414999744,31,30,919
FIR,2,16,20362421,149857,0.01873995912408489,ok,18.490724885999953,31,30,919
FIR,2,17,20362422,149857,0.017858715194596933,ok,18.460442043000057,31,30,919
FIR,2,18,20362423,149857,0.019315155839979475,ok,18.46662873000014,31,30,919
FIR,2,19,20362424,149857,0.01802928358958625,ok,17.63803752900003,31,30,919
FIR,2,20,20362425,149857,0.021751156443053105,ok,17.683188926000184,31,30,919
FIR,2,21,20362426,149857,0.025007599972420434,ok,17.834634068000014,31,30,919
FIR,2,22,20362427,149857,0.022303451283144614,ok,17.343600556000183,31,30,919
FIR,2,23,20362428,149857,0.021055653115725586,ok,18.10263173999965,31,30,919
FIR,2,24,20362429,149857,0.021082540138475936,ok,18.00172318099976,31,30,919
FIR,2,25,20362430,149857,0.024640971596192274,ok,17.711996438999904,31,30,919
FIR,2,26,20362431,149857,0.022026667036211728,ok,18.041092282000136,31,30,919
FIR,2,27,20362432,149857,0.018342613782489678,ok,18.50280317800025,31,30,919
FIR,2,28,20362433,149857,0.017371892424932568,ok,17.86819459499975,31,30,919
FIR,2,29,20362434,149857,0.02352132637980421,ok,17.941627716000312,31,30,919
FIR,2,30,20362435,149857,0.02236624092129086,ok,18.055117634,31,30,919
FIR,3,1,20363406,149857,0.004621985024846889,ok,19.741923167000095,31,30,919
FIR,3,2,20363407,149857,0.004776226498914463,ok,19.16638751299979,31,30,919
FIR,3,3,20363408,149857,0.006689786325262185,ok,18.86292688200001,31,30,919
FIR,3,4,20363409,149857,0.0053631701696599966,ok,19.208989738000128,31,30,919
FIR,3,5,20363410,149857,0.005433059355031255,ok,18.911714071999995,31,30,919
FIR,3,6,20363411,149857,0.004589676615433413,ok,18.372207417000027,31,30,919
FIR,3,7,20363412,149857,0.004869169497637881,ok,18.526806894999936,31,30,919
FIR,3,8,20363413,149857,0.005571568973513935,ok,18.39318522900021,31,30,919
FIR,3,9,20363414,149857,0.0051497768769938786,ok,17.867452460000095,31,30,919
FIR,3,10,20363415,149857,0.005262431837357602,ok,17.900319456000034,31,30,919
FIR,3,11,20363416,149857,0.0061617039864644675,ok,18.003338560999964,31,30,919
FIR,3,12,20363417,149857,0.005239199876735025,ok,17.375450012999863,31,30,919
FIR,3,13,20363418,149857,0.004585812376742662,ok,18.15766777099998,31,30,919
FIR,3,14,20363419,149857,0.005644716418278676,ok,18.315235325999765,31,30,919
FIR,3,15,20363420,149857,0.009890387074685533,ok,18.199066882999887,31,30,919
FIR,3,16,20363421,149857,0.006788036995243671,ok,18.62923908000039,31,30,919
FIR,3,17,20363422,149857,0.005091456404520932,ok,18.04411191300005,31,30,919
FIR,3,18,20363423,149857,0.00709247447318519,ok,17.99009809900008,31,30,919
FIR,3,19,20363424,149857,0.004716431767573043,ok,18.291377408000244,31,30,919
FIR,3,20,20363425,149857,0.005154794304591809,ok,18.61935601399955,31,30,919
FIR,3,21,20363426,149857,0.004670645614418856,ok,17.949380177999956,31,30,919
FIR,3,22,20363427,149857,0.008556761664895302,ok,18.252380396999797,31,30,919
FIR,3,23,20363428,149857,0.005213576644422795,ok,18.5470480529998,31,30,919
FIR,3,24,20363429,149857,0.006755151163401655,ok,17.681607342999996,31,30,919
FIR,3,25,20363430,149857,0.004780411964492477,ok,18.330225118999806,31,30,919
FIR,3,26,20363431,149857,0.006688104583567802,ok,18.102116432999992,31,30,919
FIR,3,27,20363432,149857,0.005383708386986883,ok,18.388151450999885,31,30,919
FIR,3,28,20363433,149857,0.004590553451299635,ok,18.575487063999844,31,30,919
FIR,3,29,20363434,149857,0.004562823993240022,ok,19.108437714000047,31,30,919
FIR,3,30,20363435,149857,0.005757203944481295,ok,18.7901670199999,31,30,919
FIR,4,1,20364406,149857,0.019271324029802438,ok,18.983069176999834,31,30,919
FIR,4,2,20364407,149857,0.018961204182775,ok,18.54632671399986,31,30,919
FIR,4,3,20364408,149857,0.017893179481188043,ok,19.645811056000184,31,30,919
FIR,4,4,20364409,149857,0.023995287010674132,ok,18.644726690000425,31,30,919
FIR,4,5,20364410,149857,0.024390135180644493,ok,19.458736639000108,31,30,919
FIR,4,6,20364411,149857,0.02230545070576139,ok,18.702228362999904,31,30,919
FIR,4,7,20364412,149857,0.0192515576476216,ok,19.376041274999807,31,30,919
FIR,4,8,20364413,149857,0.021310077031025623,ok,19.328313057000287,31,30,919
FIR,4,9,20364414,149857,0.02197800165987039,ok,19.415527721000217,31,30,919
FIR,4,10,20364415,149857,0.02152429579812059,ok,19.32820030999983,31,30,919
FIR,4,11,20364416,149857,0.021157049618515486,ok,18.285441809000076,31,30,919
FIR,4,12,20364417,149857,0.020441591025272862,ok,19.76139091899995,31,30,919
FIR,4,13,20364418,149857,0.022882983197367514,ok,19.24354442599997,31,30,919
FIR,4,14,20364419,149857,0.02433214243716883,ok,18.658088419999785,31,30,919
FIR,4,15,20364420,149857,0.022304555434748186,ok,18.244097078000323,31,30,919
FIR,4,16,20364421,149857,0.022421494095995836,ok,18.015214105999803,31,30,919
FIR,4,17,20364422,149857,0.021659871118991827,ok,18.448617235000256,31,30,919
FIR,4,18,20364423,149857,0.020644492623945385,ok,18.056349083999976,31,30,919
FIR,4,19,20364424,149857,0.022175844797756042,ok,18.461707314999785,31,30,919
FIR,4,20,20364425,149857,0.02543415270319286,ok,18.700991144,31,30,919
FIR,4,21,20364426,149857,0.023631353941072145,ok,18.90937150899981,31,30,919
FIR,4,22,20364427,149857,0.0231684561275702,ok,18.268859211999825,31,30,919
FIR,4,23,20364428,149857,0.02112130098581049,ok,19.136982281999735,31,30,919
FIR,4,24,20364429,149857,0.025463784966343807,ok,18.95396133500026,31,30,919
FIR,4,25,20364430,149857,0.020572888394685632,ok,18.873769925000033,31,30,919
FIR,4,26,20364431,149857,0.0203133003207533,ok,18.95475548899958,31,30,919
FIR,4,27,20364432,149857,0.02463399409840982,ok,17.917936056000144,31,30,919
FIR,4,28,20364433,149857,0.017693470850990208,ok,19.12278389300036,31,30,919
FIR,4,29,20364434,149857,0.025038426586092906,ok,18.800566695999805,31,30,919
FIR,4,30,20364435,149857,0.018503091190078015,ok,18.47070407700039,31,30,919
FIR,5,1,20365406,149857,0.001607404638402405,ok,17.428621868999926,31,30,919
FIR,5,2,20365407,149857,0.0011599686348129515,ok,17.58344499099985,31,30,919
FIR,5,3,20365408,149857,0.002582059850968479,ok,18.76141425700007,31,30,919
FIR,5,4,20365409,149857,0.0011418509090972977,ok,18.555354476000048,31,30,919
FIR,5,5,20365410,149857,0.0015522110669198082,ok,18.165366275999986,31,30,919
FIR,5,6,20365411,149857,0.002078982284031937,ok,17.703452711999944,31,30,919
FIR,5,7,20365412,149857,0.001637536972700025,ok,18.237290638000104,31,30,919
FIR,5,8,20365413,149857,0.0015328998727047894,ok,17.80375353999989,31,30,919
FIR,5,9,20365414,149857,0.0015452513065319002,ok,18.513710147999973,31,30,919
FIR,5,10,20365415,149857,0.001629096855561914,ok,18.266882579999674,31,30,919
FIR,5,11,20365416,149857,0.0019648307514512397,ok,18.469900016999873,31,30,919
FIR,5,12,20365417,149857,0.0012122084436742295,ok,18.61086787699969,31,30,919
FIR,5,13,20365418,149857,0.0010920441180847676,ok,19.38642505200005,31,30,919
FIR,5,14,20365419,149857,0.0028286613012556156,ok,18.61389723100001,31,30,919
FIR,5,15,20365420,149857,0.0014897544941479674,ok,18.39317576500025,31,30,919
FIR,5,16,20365421,149857,0.0030798474690996525,ok,18.98715819400013,31,30,919
FIR,5,17,20365422,149857,0.0019159760984615187,ok,19.01411668799983,31,30,919
FIR,5,18,20365423,149857,0.0013019465940817645,ok,19.459191648999877,31,30,919
FIR,5,19,20365424,149857,0.001985100193041524,ok,19.07337719899988,31,30,919
FIR,5,20,20365425,149857,0.0023102885462875384,ok,19.10556719899978,31,30,919
FIR,5,21,20365426,149857,0.0027315087790930623,ok,18.14778292100027,31,30,919
FIR,5,22,20365427,149857,0.0020932677987118,ok,18.31912411400026,31,30,919
FIR,5,23,20365428,149857,0.0018238793339416686,ok,18.951495365000028,31,30,919
FIR,5,24,20365429,149857,0.0009087176859278904,ok,18.365127924000262,31,30,919
FIR,5,25,20365430,149857,0.001371281473846093,ok,19.185666499000035,31,30,919
FIR,5,26,20365431,149857,0.0013239558302043067,ok,18.774498247000338,31,30,919
FIR,5,27,20365432,149857,0.0021550952397298767,ok,19.009683701000085,31,30,919
FIR,5,28,20365433,149857,0.0015481442347356567,ok,18.359494710000035,31,30,919
FIR,5,29,20365434,149857,0.0019563276251576256,ok,19.392947226999695,31,30,919
FIR,5,30,20365435,149857,0.0011365053094957351,ok,18.863115438000023,31,30,919
FIR,6,1,20366406,149857,0.008601472182178696,ok,18.716242804000103,31,30,919
FIR,6,2,20366407,149857,0.008240714494343581,ok,18.888928693999787,31,30,919
FIR,6,3,20366408,149857,0.005759512192651667,ok,18.475371401000302,31,30,919
FIR,6,4,20366409,149857,0.008423620229350642,ok,18.46594181699993,31,30,919
FIR,6,5,20366410,149857,0.008365357778236252,ok,18.0195272750002,31,30,919
FIR,6,6,20366411,149857,0.004709803007544504,ok,18.26546151599996,31,30,919
FIR,6,7,20366412,149857,0.005559757742480208,ok,19.70384682399981,31,30,919
FIR,6,8,20366413,149857,0.00490296394393323,ok,19.794609164999656,31,30,919
FIR,6,9,20366414,149857,0.004804679378983275,ok,19.496216512000046,31,30,919
FIR,6,10,20366415,149857,0.008249388485315043,ok,19.355523770000218,31,30,919
FIR,6,11,20366416,149857,0.008096924207641853,ok,19.180243616000098,31,30,919
FIR,6,12,20366417,149857,0.0085443060899167,ok,18.955701539000074,31,30,919
FIR,6,13,20366418,149857,0.004716725424975129,ok,18.215129564000108,31,30,919
FIR,6,14,20366419,149857,0.007943952166431569,ok,18.305464564999966,31,30,919
FIR,6,15,20366420,149857,0.007573039936087225,ok,18.14153108599976,31,30,919
FIR,6,16,20366421,149857,0.004714559370122138,ok,18.681921811999928,31,30,919
FIR,6,17,20366422,149857,0.004711776633253123,ok,18.56331106200014,31,30,919
FIR,6,18,20366423,149857,0.005987617027977335,ok,18.357963248999567,31,30,919
FIR,6,19,20366424,149857,0.004907893390398064,ok,17.87724585900014,31,30,919
FIR,6,20,20366425,149857,0.004749169395090526,ok,19.09502460900012,31,30,919
FIR,6,21,20366426,149857,0.008003116548446763,ok,18.5552742750001,31,30,919
FIR,6,22,20366427,149857,0.0047502103568268506,ok,18.43480432599972,31,30,919
FIR,6,23,20366428,149857,0.008372335115288225,ok,18.269448281000223,31,30,919
FIR,6,24,20366429,149857,0.004734626220105057,ok,18.85044567299974,31,30,919
FIR,6,25,20366430,149857,0.008408737760824396,ok,18.196871215999636,31,30,919
FIR,6,26,20366431,149857,0.00471856488809402,ok,19.482479152999986,31,30,919
FIR,6,27,20366432,149857,0.008456074684167644,ok,18.6006914579998,31,30,919
FIR,6,28,20366433,149857,0.008403434234496392,ok,18.74714548899965,31,30,919
FIR,6,29,20366434,149857,0.004719337901678225,ok,18.160721261000162,31,30,919
FIR,6,30,20366435,149857,0.008382353862307351,ok,18.545709916000305,31,30,919
FIR,7,1,20367406,149857,0.004892793866659688,ok,17.868044256999838,31,30,919
FIR,7,2,20367407,149857,0.0015840217870170738,ok,18.93380505899995,31,30,919
FIR,7,3,20367408,149857,0.002513872840645781,ok,19.313725199000146,31,30,919
FIR,7,4,20367409,149857,0.0025397432236173964,ok,18.243365580000045,31,30,919
FIR,7,5,20367410,149857,0.0009928197294469098,ok,18.394753704999857,31,30,919
FIR,7,6,20367411,149857,0.0016427347853015394,ok,19.54056370599983,31,30,919
FIR,7,7,20367412,149857,0.00146230012940561,ok,17.94257002400036,31,30,919
FIR,7,8,20367413,149857,0.0009484864908038649,ok,18.717347489000076,31,30,919
FIR,7,9,20367414,149857,0.0009921229371893576,ok,18.083050902000195,31,30,919
FIR,7,10,20367415,149857,0.004035165302277029,ok,17.663807135999832,31,30,919
FIR,7,11,20367416,149857,0.001681991200595067,ok,18.281020407999677,31,30,919
FIR,7,12,20367417,149857,0.0011549639187845265,ok,18.45392288400035,31,30,919
FIR,7,13,20367418,149857,0.0028407397094562968,ok,17.780053226999826,31,30,919
FIR,7,14,20367419,149857,0.0028051291526937725,ok,17.794674627000404,31,30,919
FIR,7,15,20367420,149857,0.000903142033611604,ok,18.22261364499991,31,30,919
FIR,7,16,20367421,149857,0.0012755473543317962,ok,17.569585940999787,31,30,919
FIR,7,17,20367422,149857,0.0013706729716722317,ok,18.47442369700002,31,30,919
FIR,7,18,20367423,149857,0.00427043746082984,ok,19.240186017999804,31,30,919
FIR,7,19,20367424,149857,0.001277346904656696,ok,18.86526587199978,31,30,919
FIR,7,20,20367425,149857,0.0014188574928862214,ok,18.938951436000025,31,30,919
FIR,7,21,20367426,149857,0.0026253139772244114,ok,18.75713385800009,31,30,919
FIR,7,22,20367427,149857,0.0010016918433877293,ok,18.000882081999862,31,30,919
FIR,7,23,20367428,149857,0.0074128859943151295,ok,18.929188068999792,31,30,919
FIR,7,24,20367429,149857,0.0011972919585652674,ok,18.703145529000267,31,30,919
FIR,7,25,20367430,149857,0.001478075115518921,ok,18.40411571300001,31,30,919
FIR,7,26,20367431,149857,0.001153936228100618,ok,17.437587164999968,31,30,919
FIR,7,27,20367432,149857,0.0012925075820020605,ok,18.396916492999935,31,30,919
FIR,7,28,20367433,149857,0.003434447156532291,ok,17.160144432999914,31,30,919
FIR,7,29,20367434,149857,0.0017415843231793175,ok,18.399754163000125,31,30,919
FIR,7,30,20367435,149857,0.0011714330767501108,ok,18.928164355999797,31,30,919
FIR,8,1,20368406,149857,0.002912056579156902,ok,19.368513130000338,31,30,919
FIR,8,2,20368407,149857,0.005354136744354213,ok,18.189219093000247,31,30,919
FIR,8,3,20368408,149857,0.00425153848651229,ok,19.60223333699969,31,30,919
FIR,8,4,20368409,149857,0.00345896755447699,ok,18.746600890999616,31,30,919
FIR,8,5,20368410,149857,0.005351615483995765,ok,18.264238150999972,31,30,919
FIR,8,6,20368411,149857,0.003159216205876386,ok,18.952091182999993,31,30,919
FIR,8,7,20368412,149857,0.0038037581598412075,ok,18.795949386999837,31,30,919
FIR,8,8,20368413,149857,0.0056188089098251825,ok,18.866724246999638,31,30,919
FIR,8,9,20368414,149857,0.003262299456366329,ok,18.217052722000062,31,30,919
FIR,8,10,20368415,149857,0.017923256060862727,ok,18.329835832999834,31,30,919
FIR,8,11,20368416,149857,0.004061110209116281,ok,18.297302522000336,31,30,919
FIR,8,12,20368417,149857,0.0030157715617518447,ok,18.643542122000326,31,30,919
FIR,8,13,20368418,149857,0.003981644440081368,ok,18.37115729700008,31,30,919
FIR,8,14,20368419,149857,0.00187562586037142,ok,18.80915442100013,31,30,919
FIR,8,15,20368420,149857,0.00391485713194982,ok,18.73191907899991,31,30,919
FIR,8,16,20368421,149857,0.005007934399956431,ok,18.47868724099999,31,30,919
FIR,8,17,20368422,149857,0.003755722333015707,ok,18.42396152299989,31,30,919
FIR,8,18,20368423,149857,0.0031373505281930103,ok,18.64470659100016,31,30,919
FIR,8,19,20368424,149857,0.003134238012247126,ok,18.795045055999708,31,30,919
FIR,8,20,20368425,149857,0.004642649816114308,ok,18.505794565000087,31,30,919
FIR,8,21,20368426,149857,0.00282537794159378,ok,18.394688653999765,31,30,919
FIR,8,22,20368427,149857,0.0029980304798818873,ok,18.97520931300005,31,30,919
FIR,8,23,20368428,149857,0.0022018875444895624,ok,18.24109282800009,31,30,919
FIR,8,24,20368429,149857,0.005542252039052314,ok,18.049213950000194,31,30,919
FIR,8,25,20368430,149857,0.005092619908831222,ok,18.3023264010003,31,30,919
FIR,8,26,20368431,149857,0.007298136438744054,ok,17.575004077000358,31,30,919
FIR,8,27,20368432,149857,0.0023747832971779963,ok,18.770193108000058,31,30,919
FIR,8,28,20368433,149857,0.003199092831698009,ok,17.544622211999922,31,30,919
FIR,8,29,20368434,149857,0.003091194094200201,ok,17.920410968000397,31,30,919
FIR,8,30,20368435,149857,0.0036001396098879947,ok,18.799287668000034,31,30,919
