instance,method,mean,std,median,best,worst,n
1,LA-KAIE-DimensionOnly,0.004971721926134175,0.0003514181749776404,0.005200228437913415,0.00456177323815079,0.00526534258387713,5
1,LA-KAIE-FixedPolicy,0.010329227229640171,0.006618746748782097,0.008004441664519416,0.006090071320306449,0.022055281124084634,5
1,LA-KAIE-Full,0.0049492288357347435,0.00035459142056909384,0.004890530886232397,0.00463889976396362,0.005519482762410082,5
1,LA-KAIE-NoAdaptiveController,0.006638210796046368,0.0005029284034839434,0.00644283854293495,0.006284930864471795,0.007498419452696848,5
1,LA-KAIE-NoInteraction,0.007094017785749125,0.0021159525162095477,0.005976176586207527,0.004972942243115904,0.009979107472647554,5
1,LA-KAIE-NoKnowledgeReward,0.004647669257389463,7.692621450948333e-05,0.00468822656058773,0.0045616568632916785,0.004718960540075618,5
1,LA-KAIE-NoLandscape,0.004608910151996076,5.510900120567845e-05,0.004584333138660085,0.0045614977151386795,0.004676608353075546,5
1,LA-KAIE-RandomExchange,0.005026954986713882,0.0008025518124966893,0.004614690443626135,0.004562717623522515,0.006441205339134896,5
2,LA-KAIE-DimensionOnly,0.020223614912386414,0.0026739657840781075,0.021757479031020446,0.017012835941773295,0.02238335293064649,5
2,LA-KAIE-FixedPolicy,0.04593292468969925,0.0278281897396589,0.028434725999496008,0.023689705818273066,0.07993898092754421,5
2,LA-KAIE-Full,0.020099192618287264,0.002697450821446536,0.021652029395978822,0.017014975060050036,0.022341861897968114,5
2,LA-KAIE-NoAdaptiveController,0.031737230852925194,0.011220890431336833,0.030823215281120288,0.018208578917538135,0.04627446597585944,5
2,LA-KAIE-NoInteraction,0.022389767208990975,0.0016847003568756297,0.021973552421676198,0.0206431052272665,0.024727144994221188,5
2,LA-KAIE-NoKnowledgeReward,0.01955388032871286,0.002308196495111237,0.02056348554278266,0.017012333229311203,0.022089681443389048,5
2,LA-KAIE-NoLandscape,0.019019145909417116,0.0027506669556557565,0.01701442430926786,0.017012158252647673,0.02222753769873583,5
2,LA-KAIE-RandomExchange,0.020493710499027606,0.0022374729105076657,0.02165553237372343,0.017191514994193587,0.02232668372017591,5
3,LA-KAIE-DimensionOnly,0.0047560206292247215,0.0002581731087808157,0.004634308541393588,0.004569094259268994,0.005178544687726226,5
3,LA-KAIE-FixedPolicy,0.006905246299451204,0.0013954695812082839,0.0075446133336215275,0.00466976134855113,0.007997035040962223,5
3,LA-KAIE-Full,0.004849481982584518,0.00024408259471565719,0.004836146532393875,0.004575988504448007,0.005156679593319556,5
3,LA-KAIE-NoAdaptiveController,0.006377536894596657,0.00044916800116680386,0.006489732375855959,0.005684581918539804,0.0067809209876416405,5
3,LA-KAIE-NoInteraction,0.004902098436113474,0.00026561806311947326,0.004932126857430649,0.004582144926904468,0.005215056679866136,5
3,LA-KAIE-NoKnowledgeReward,0.004583558652333447,2.701459381035086e-05,0.004573253986880515,0.004561627808637227,0.004626637112647678,5
3,LA-KAIE-NoLandscape,0.005005858817013662,0.0006427526887788012,0.004799815474105119,0.004561255673756849,0.006107988887881104,5
3,LA-KAIE-RandomExchange,0.005245218609543732,0.0007301523389342268,0.004963033535182898,0.004590816861291712,0.0064307920574376886,5
4,LA-KAIE-DimensionOnly,0.01845751433925766,0.002137196352583098,0.017019834977891557,0.017012811033260973,0.021778447626352677,5
4,LA-KAIE-FixedPolicy,0.027159896877170058,0.00236151085726678,0.02711975940723087,0.023645077093122215,0.03004269976281201,5
4,LA-KAIE-Full,0.019276816195048237,0.0030505524624267967,0.01710313468961406,0.01702351082601815,0.023054252396703792,5
4,LA-KAIE-NoAdaptiveController,0.027950947772642898,0.007080328509386365,0.025225547612769607,0.020158119385866133,0.03876954975318395,5
4,LA-KAIE-NoInteraction,0.021925419248146366,0.001314812523883565,0.02200586061623481,0.019964110521109347,0.023631533225848385,5
4,LA-KAIE-NoKnowledgeReward,0.019579470579008156,0.0019456084765948139,0.019113332271357163,0.01764019113585128,0.022363753367553075,5
4,LA-KAIE-NoLandscape,0.01928248710325612,0.0015494289843807816,0.019974796625099062,0.017012201398902027,0.02053973461824736,5
4,LA-KAIE-RandomExchange,0.021105953449899073,0.004040010838282323,0.02158681331491898,0.017083287622381236,0.027285295543098564,5
5,LA-KAIE-DimensionOnly,0.0014731737314495005,0.0006608684407670649,0.001308726650953833,0.0009167422201984087,0.0026032278560927545,5
5,LA-KAIE-FixedPolicy,0.004632641567226202,0.0020454708003522196,0.004465342115553909,0.0022941216286202835,0.0079117990981795,5
5,LA-KAIE-Full,0.0017819576305226753,0.0007306678941437403,0.0014899918422670694,0.000931029358236032,0.002817874884898669,5
5,LA-KAIE-NoAdaptiveController,0.0035129873398341157,0.0008780987662100378,0.0034544614315161594,0.002320088701323877,0.004794256188327554,5
5,LA-KAIE-NoInteraction,0.002643363018903016,0.0015244792890129744,0.002100778482047008,0.0012987197987765976,0.004994114876883173,5
5,LA-KAIE-NoKnowledgeReward,0.0015967810965435171,0.0004086380168560758,0.0014847999384086628,0.0012041417870188524,0.002235519522231181,5
5,LA-KAIE-NoLandscape,0.0010954170012701138,0.00017605040940976753,0.0011391768636545504,0.0009046539536329676,0.001258823407389375,5
5,LA-KAIE-RandomExchange,0.0024478979728525946,0.0010299512537265483,0.0019829852302114663,0.0017209378834841704,0.004249321417674066,5
6,LA-KAIE-DimensionOnly,0.006372610745938753,0.0017212949923804965,0.006013566474174045,0.004760453795776522,0.00841659661284469,5
6,LA-KAIE-FixedPolicy,0.010539971443453547,0.004836726626109733,0.0077977930349574665,0.00694167346633014,0.018019032015330547,5
6,LA-KAIE-Full,0.006818784530899865,0.0019406011857959551,0.007966130286819048,0.0047081336226476225,0.008635409874606393,5
6,LA-KAIE-NoAdaptiveController,0.009709996373731843,0.0031626592197216813,0.008483492428733402,0.006391970917185144,0.014717779376247573,5
6,LA-KAIE-NoInteraction,0.006348016143075129,0.0015161438452347899,0.0055638734184612505,0.00539531779796531,0.009000322833325684,5
6,LA-KAIE-NoKnowledgeReward,0.005382288636831383,0.0005963362041129592,0.005495264055907004,0.004715822863162413,0.006140846322431129,5
6,LA-KAIE-NoLandscape,0.007810267023607459,0.0008319542639199342,0.008241000369650609,0.006398725717816847,0.008351255945762522,5
6,LA-KAIE-RandomExchange,0.007175266852835596,0.0020978912656669114,0.00784993850987518,0.004939910531258803,0.009347399636978643,5
7,LA-KAIE-DimensionOnly,0.0013624967349307325,0.0004866701977611773,0.001209883637970424,0.0010462044783811236,0.002220415326475052,5
7,LA-KAIE-FixedPolicy,0.006548003433563723,0.0021055353380431082,0.0072007299330496995,0.003957333716626495,0.008918463167074835,5
7,LA-KAIE-Full,0.001539683666861917,0.0004092705007893766,0.001612540751572196,0.001123638035794167,0.002141572065260735,5
7,LA-KAIE-NoAdaptiveController,0.003104432579802776,0.0029311169116290822,0.0020186215512448293,0.0008016193045395394,0.008230310551677257,5
7,LA-KAIE-NoInteraction,0.0035831570827199767,0.0023019318966337075,0.0021817756297962303,0.001616635580830394,0.006160005289092267,5
7,LA-KAIE-NoKnowledgeReward,0.001258096160906465,0.00021847603710908637,0.001336270271481262,0.0008825802809551066,0.0014258595119643878,5
7,LA-KAIE-NoLandscape,0.0010871159043953902,0.0002331675941505499,0.0010801603763284408,0.0008189033230755777,0.0014375959608662445,5
7,LA-KAIE-RandomExchange,0.0024608099210030377,0.0005906536957861675,0.002394709979742094,0.0019422053160958364,0.0034354496419494052,5
8,LA-KAIE-DimensionOnly,0.0029891312378276134,0.0005173337240633952,0.002981738116776855,0.0022791168668288946,0.0037126475269226994,5
8,LA-KAIE-FixedPolicy,0.009258950252100872,0.0015326269492761152,0.008477521675221141,0.008061197274395962,0.011595818219926338,5
8,LA-KAIE-Full,0.002951007581253406,0.0005467811203922701,0.0030537819852756993,0.002020991627330018,0.0034469928358961135,5
8,LA-KAIE-NoAdaptiveController,0.008801036215246742,0.005538556306017407,0.0070535799520245,0.003850430602812244,0.017637746885540925,5
8,LA-KAIE-NoInteraction,0.004213317999222222,0.0007167820101332738,0.0044999765761474676,0.003295932717276118,0.004906282569459418,5
8,LA-KAIE-NoKnowledgeReward,0.003850072699953813,0.0009967913628898457,0.004228283656697302,0.0025227448929702407,0.004835050081705387,5
8,LA-KAIE-NoLandscape,0.003044646807205302,0.0003412662145919012,0.0029651747855986487,0.002627402422294954,0.003550054560535747,5
8,LA-KAIE-RandomExchange,0.004697832481891742,0.0007632086565282828,0.004442326210485866,0.004087444237380401,0.005912616165831921,5
