Case,statistic,LA-KAIE-Full,HBA,MPA,MPHB,MPHBS
1,Mean,0.0049492288357347435,0.043977692237934726,0.009850660084834359,0.010905105635814498,0.004705999614246276
1,Std,0.00035459142056909384,0.01819892910407755,0.003311423748581931,0.0015937367144072518,0.0001840140875769352
1,Median,0.004890530886232397,0.032575288831015764,0.009417754472603138,0.010060005705838794,0.004608025479103323
1,Best,0.00463889976396362,0.02858229569724713,0.006355328343347084,0.009443453188615862,0.004563056712139982
1,Worst,0.005519482762410082,0.06963396122230105,0.014618367221264767,0.013223324596007691,0.005003530683235542
1,Rank,2.0,5.0,3.0,4.0,1.0
2,Mean,0.020099192618287264,0.03475935256428181,0.03338401370675796,0.05153213493075104,0.019221010952389535
2,Std,0.002697450821446536,0.01305431816972135,0.013752161344299955,0.02149571945687617,0.001380088590402428
2,Median,0.021652029395978822,0.028831482880069922,0.028003523153817374,0.04782873165058559,0.019695245633356527
2,Best,0.017014975060050036,0.023683632707269944,0.02217622116595845,0.03292249722097133,0.01773547193828495
2,Worst,0.022341861897968114,0.055927688879155356,0.056704251195507926,0.08808548901980809,0.02087486274886054
2,Rank,2.0,4.0,3.0,5.0,1.0
3,Mean,0.004849481982584518,0.01307885456286611,0.007603097811003825,0.02184515838796473,0.004668359319762463
3,Std,0.00024408259471565719,0.00688121789698954,0.0024048453623755975,0.018938574925038906,0.00014898343729186558
3,Median,0.004836146532393875,0.011619599197941725,0.006826330728736882,0.013423201048067594,0.004603233876352092
3,Best,0.004575988504448007,0.004897400255474483,0.00521068678819612,0.006959705758339201,0.004562280723422815
3,Worst,0.005156679593319556,0.023900810552274394,0.011279079983498554,0.0513265298743978,0.004921841469520804
3,Rank,2.0,4.0,3.0,5.0,1.0
4,Mean,0.019276816195048237,0.039395925010585475,0.02603292766428721,0.03379416990582872,0.019084436268958095
4,Std,0.0030505524624267967,0.014819695055070027,0.005349397390936841,0.007925786058428998,0.0020296729766846964
4,Median,0.01710313468961406,0.031550816508418504,0.02387433218260622,0.032281290896564896,0.018250195999952448
4,Best,0.01702351082601815,0.026175879213197955,0.020172156918059955,0.02384917643083499,0.017016187813345938
4,Worst,0.023054252396703792,0.061689530893417305,0.033616086587118704,0.04424226518332129,0.021608617911270223
4,Rank,2.0,5.0,3.0,4.0,1.0
5,Mean,0.0017819576305226753,0.00859884328398215,0.004170139521231016,0.00836930517623534,0.0017033178657345695
5,Std,0.0007306678941437403,0.006430970994217092,0.0011520959779885828,0.004841038451520468,0.0003562174040052202
5,Median,0.0014899918422670694,0.00891966133454028,0.003526024223799621,0.008871008587042357,0.0017576169760521823
5,Best,0.000931029358236032,0.0016506727970716532,0.00308067497512453,0.0021915279717305736,0.0012106282699025643
5,Worst,0.002817874884898669,0.017281342032417116,0.005700250319009179,0.015208496712631482,0.002175744625188942
5,Rank,2.0,5.0,3.0,4.0,1.0
6,Mean,0.006818784530899865,0.0438378592881481,0.010325420720907164,0.017422819188109822,0.0077933163688662195
6,Std,0.0019406011857959551,0.036653603720735395,0.003868095068253421,0.012364336837264912,0.001052592896721549
6,Median,0.007966130286819048,0.035062142186797124,0.009386202607027102,0.009779909529036365,0.008376255406456418
6,Best,0.0047081336226476225,0.007260241774823137,0.005804151854217179,0.008980482531656503,0.006098033823824937
6,Worst,0.008635409874606393,0.08425358743587472,0.01636429762021254,0.03757292486306871,0.008633824090707376
6,Rank,1.0,5.0,3.0,4.0,2.0
7,Mean,0.001539683666861917,0.002187608929191012,0.01083506026810042,0.0068421031026749905,0.002261173239476044
7,Std,0.0004092705007893766,0.0010210553523516098,0.007191261619660707,0.0025767586900586606,0.0009602623937749929
7,Median,0.001612540751572196,0.0016222783941392822,0.0071422196391810275,0.006829404601948864,0.0016675931774183658
7,Best,0.001123638035794167,0.0014199024375574254,0.006004312720632861,0.004436798976242691,0.0014643952174115083
7,Worst,0.002141572065260735,0.0038254433378799454,0.023060312349610958,0.010674851560919053,0.003631319916446595
7,Rank,1.0,2.0,5.0,4.0,3.0
8,Mean,0.002951007581253406,0.005787305184402139,0.009059479031966636,0.013099112126454246,0.007419527641623407
8,Std,0.0005467811203922701,0.001882202810499256,0.0038499717216417067,0.004284517772988037,0.00795207234833295
8,Median,0.0030537819852756993,0.006069769698060027,0.0072152800099844405,0.013795083318639552,0.0030582918211830637
8,Best,0.002020991627330018,0.0031803788178688323,0.006694248023981821,0.008120064211650693,0.0018463817410221137
8,Worst,0.0034469928358961135,0.008298108204093399,0.01585510239204788,0.019430792057537536,0.02086367068373818
8,Rank,1.0,2.0,4.0,5.0,3.0
AvgRank,Rank,1.625,4.0,3.375,4.375,1.625
