method,exchange_frequency,successful_exchange_rate,controller_entropy,exploration_exploitation_ratio,group_level_fraction,ic_group,ic_dim,final_S8,final_n_groups,overhead_fraction,share_A1,share_A2,share_A3,share_A4,share_A5,share_A6,share_A7,share_A8
LA-KAIE-DimensionOnly,10.619748970585274,0.33250137707855715,0.5042956995085409,0.020348967729758298,0.0,,0.0022039251026191894,0.0556405616073876,30.375,0.4606119227699158,0.062134736919655806,0.08792020845455374,0.017113828460189183,0.017292346451455186,0.01596723179083246,0.04146266686286182,0.02861141638490966,0.7294975646755422
LA-KAIE-FIRPrior,9.877678722754426,0.3315668739451311,0.5536802615917389,0.023840210433309906,0.43820042216578986,-0.04662708983248871,0.32720059986237776,0.27800475229374155,23.95,0.4960510879188093,0.0731278704062707,0.09692399758591219,0.017205859747839218,0.022076307515642265,0.017538870992803733,0.04587194288809829,0.0414178264472484,0.6858373244161852
LA-KAIE-FixedPolicy,24.022813688212928,0.030546058879392213,0.0,0.0,1.0,0.07315571997644375,,0.05650599052261035,30.35,0.39666533404356413,0.0,0.0,0.0,1.0,0.0,0.0,0.0,0.0
LA-KAIE-Full,10.541088057143257,0.33750096479648356,0.5080896389062688,0.02004404779101494,0.023397749857703033,0.05390950018697025,0.003927844379372582,0.056544049885404,30.4,0.46153437867102587,0.062489256989024244,0.08816501979020376,0.017574075359553704,0.01971700220157488,0.015668925044276992,0.03937402577752071,0.02894696476700162,0.728064730070844
LA-KAIE-NoAdaptiveController,24.022813688212928,0.13470164609053498,0.4636544548713385,0.24883004080778245,0.045584045584045586,0.18673685996916237,-0.1516000374454989,0.03645953118073604,30.6,0.3762653972826777,0.0,0.0,0.5698765432098766,0.02284900284900285,0.10628679962013295,0.0,0.0,0.3009876543209876
LA-KAIE-NoInteraction,1.668900598067981,0.6916471288193986,0.6953316353842761,0.1129273305009166,0.37824041585790635,-0.7971997057173059,0.9176416597670141,0.9678009962660754,7.4,0.5009066940638517,0.3761510481258042,0.36861444759491213,0.017587611153590973,0.019381553604492,0.016176419013508733,0.03831971816378273,0.05416590215958776,0.10960330018432143
LA-KAIE-NoKnowledgeReward,11.132645684574012,0.3269011954993251,0.49351607247574447,0.019504868430450083,0.021195412221968662,0.038985682324964084,-0.0005949646595370644,0.060843575166433836,30.3,0.4599172058556594,0.05740039388080429,0.08387921883370399,0.015849922552890545,0.016099576224124244,0.015612746644799128,0.04880088935084016,0.024583575658220006,0.7377736768546177
LA-KAIE-NoLandscape,17.2029448172069,0.2901216851468639,0.33777328171162446,0.016099379582569413,0.018546924874624775,0.022945982182263305,-0.008357266543283894,0.04261473651033989,30.525,0.4235378680813497,0.02455813086266879,0.056813304948374374,0.014114915525987159,0.014290747397692202,0.01402946924302323,0.015957167924162432,0.015265596720190936,0.8449706673779008
LA-KAIE-RandomExchange,6.352051735708599,0.2560323976131288,0.9917219252889822,0.33219131375640293,0.16243252706496053,0.06712190509575428,-0.0912051895098522,0.03648799079318311,30.75,0.44601884899213384,0.13270730588195423,0.06879192985375397,0.1324558149219011,0.1335957799273776,0.1326403773601986,0.13271236389118823,0.13317301124818454,0.1339234169154417
