method,mean_runtime_s,std_runtime_s,mean_FE,min_FE,max_FE,max_fes_budget,runs,failed_runs
HBA,4.880438951200017,1.1936760390884422,150000.0,150000,150000,150000,40,0
LA-KAIE-DimensionOnly,18.71096253174999,2.041116358823834,150000.0,150000,150000,150000,40,0
LA-KAIE-FIRPrior,18.999217608899926,2.417883057669025,150000.0,150000,150000,150000,40,0
LA-KAIE-FixedPolicy,20.410203747075023,2.8269716076398477,150000.0,150000,150000,150000,40,0
LA-KAIE-Full,18.46612079874992,1.7046451827469282,150000.0,150000,150000,150000,40,0
LA-KAIE-NoAdaptiveController,21.61864265092502,2.9170337243078004,150000.0,150000,150000,150000,40,0
LA-KAIE-NoInteraction,10.101515950700014,1.1945890030009934,150000.0,150000,150000,150000,40,0
LA-KAIE-NoKnowledgeReward,19.205284111949936,2.410377712040774,150000.0,150000,150000,150000,40,0
LA-KAIE-NoLandscape,22.08167951535004,2.623007367094058,150000.0,150000,150000,150000,40,0
LA-KAIE-RandomExchange,13.550521479325017,2.022753920511492,150000.0,150000,150000,150000,40,0
MPA,3.585810545775098,0.8663212056649063,150000.0,150000,150000,150000,40,0
MPHB,4.250629718724963,1.2849795606854808,150000.0,150000,150000,150000,40,0
MPHBS,23.20186442317504,3.0099706919898472,149857.0,149857,149857,150000,40,0
