Case,statistic,LA-KAIE-Full,LA-KAIE-FIRPrior
1,Mean,0.0049492288357347435,0.004641564686063091
1,Std,0.00035459142056909384,0.00011457349731702554
1,Median,0.004890530886232397,0.004565800806827523
1,Best,0.00463889976396362,0.004561420129999674
1,Worst,0.005519482762410082,0.00481680377634941
1,Rank,2.0,1.0
2,Mean,0.020099192618287264,0.020081208119684387
2,Std,0.002697450821446536,0.002657743217421775
2,Median,0.021652029395978822,0.021534395311619818
2,Best,0.017014975060050036,0.0170122101222208
2,Worst,0.022341861897968114,0.022472685096185607
2,Rank,2.0,1.0
3,Mean,0.004849481982584518,0.00482528842288636
3,Std,0.00024408259471565719,0.0002375263130394842
3,Median,0.004836146532393875,0.00488764442729722
3,Best,0.004575988504448007,0.004563896634319397
3,Worst,0.005156679593319556,0.005091026165229563
3,Rank,2.0,1.0
4,Mean,0.019276816195048237,0.01802079252766775
4,Std,0.0030505524624267967,0.0022101619334861326
4,Median,0.01710313468961406,0.017029169249720068
4,Best,0.01702351082601815,0.017012209951451952
4,Worst,0.023054252396703792,0.02197423607284118
4,Rank,2.0,1.0
5,Mean,0.0017819576305226753,0.0017716252723449122
5,Std,0.0007306678941437403,0.0008562863449883553
5,Median,0.0014899918422670694,0.0017058775298717647
5,Best,0.000931029358236032,0.0008986351132333544
5,Worst,0.002817874884898669,0.002898645751467895
5,Rank,2.0,1.0
6,Mean,0.006818784530899865,0.007646339526610644
6,Std,0.0019406011857959551,0.0016471545421455
6,Median,0.007966130286819048,0.008319089619608325
6,Best,0.0047081336226476225,0.004707980857586516
6,Worst,0.008635409874606393,0.008586637340029856
6,Rank,1.0,2.0
7,Mean,0.001539683666861917,0.0014197531731474657
7,Std,0.0004092705007893766,0.0004986000375372352
7,Median,0.001612540751572196,0.0012363858145721723
7,Best,0.001123638035794167,0.0010597791852722763
7,Worst,0.002141572065260735,0.0022701262705302717
7,Rank,2.0,1.0
8,Mean,0.002951007581253406,0.003021786781088302
8,Std,0.0005467811203922701,0.00017139665571405758
8,Median,0.0030537819852756993,0.0029657135831274647
8,Best,0.002020991627330018,0.002817825222376698
8,Worst,0.0034469928358961135,0.003225767273343472
8,Rank,1.0,2.0
AvgRank,Rank,1.75,1.25
