fid,D,run,bin,hm_rmse,hm_floor,hm_rmse_white,jp_raw_std,jp_whitened,jp_residual_R2
1,10,1,0,0.23137323394210177,0.039442427339441186,0.1574229532039983,HI/HR,HI/HR,n/a
1,10,1,1,0.21731335023239,0.04261203519444327,0.09413718196045028,HB/HR,HI/HI,
1,10,1,2,0.22511091510099648,0.04294620021620384,0.12752515694826172,HR/HB,HI/HB,
1,10,1,3,0.26367213804044354,0.04608164030090086,0.696581512080929,HI/HR,HR/HR,
1,10,2,0,0.22515389119603288,0.03903709169261411,0.09313019388185098,HR/HI,HR/HR,n/a
1,10,2,1,0.30512874345347435,0.04260621921978719,0.08340739106138009,HR/HR,HI/HI,
1,10,2,2,0.26356944107607866,0.041391506990859486,0.1288014200165853,HR/HR,HR/HR,
1,10,2,3,0.3069906917622218,0.050342445198260755,0.17434925591265896,HB/HR,HB/HB,
1,10,3,0,0.17772456786383922,0.038882866747618726,0.07995419899802814,HB/HR,HI/HB,n/a
1,10,3,1,0.22263914045418953,0.041957958815780884,0.09187282654984677,HR/HB,HR/HR,
1,10,3,2,0.26580183162418175,0.04258230564687867,0.07910212769494844,HI/HR,HI/HI,
1,10,3,3,0.369459770135372,0.06043828818773141,0.5131076521471215,HI/HR,HR/HR,
1,10,4,0,0.16669163565316422,0.03880172012735073,0.0731106717466313,HI/HR,HI/HR,n/a
1,10,4,1,0.18750682344630273,0.04314900747005838,0.08852483307698548,HB/HR,HI/HR,
1,10,4,2,0.23609250172211974,0.04272112240223339,0.11091537877858001,HI/HB,HR/HR,
1,10,4,3,0.22682896848921305,0.044890522187992256,0.7858002557036392,HI/HR,HR/HR,
1,10,5,0,0.25522392849699155,0.038888254899432165,0.07201410120812966,HB/HB,HI/HI,n/a
1,10,5,1,0.17633773697870592,0.04064783941240168,0.08109781755614347,HI/HR,HI/HI,
1,10,5,2,0.3204834626071103,0.04129856141102398,0.10828039864602548,HR/HR,HR/HR,
1,10,5,3,0.2493639239022501,0.0516207897504786,0.19355806628826916,HI/HR,HR/HR,
1,20,1,0,0.28796538803714417,0.030512857662936467,0.1675404881132749,HR/HR,HI/HB,n/a
1,20,1,1,0.20324961326066598,0.027838131142741786,0.7494680411024992,HR/HR,HR/HR,
1,20,1,2,0.22743668086707552,0.02746580641110656,0.5391767919009075,HR/HR,HR/HR,
1,20,1,3,0.2760290401764526,0.02556449080610012,0.829958099516209,HR/HR,HB/HR,
1,20,1,4,0.4120298484332397,0.02250025195224181,0.9003018798271119,HR/HR,HR/HR,n/a
1,20,2,0,0.19999375828179064,0.030952093881797135,0.12531726719608105,HR/HR,HB/HR,n/a
1,20,2,1,0.24257713155015884,0.028030689014714272,0.8254483617794373,HR/HR,HB/HR,
1,20,2,2,0.22912450256408362,0.027514463089437165,0.20657511124549965,HR/HR,HR/HR,
1,20,2,3,0.3268890573475544,0.02491634081454668,0.9207803174269272,HR/HR,HB/HR,
1,20,2,4,0.4181301085642326,0.02271062580091315,0.7816911061700353,HR/HR,HR/HR,HR/HB
1,20,3,0,0.19284766948550475,0.030743848252232923,0.12791961870442192,HR/HR,HI/HR,n/a
1,20,3,1,0.23094302449136478,0.028624271536343376,1.0021976946637197,HR/HR,HI/HR,
1,20,3,2,0.2533490431353863,0.025559259930990532,0.12173095094684669,HR/HR,HR/HB,
1,20,3,3,0.26181405447759915,0.025138894996293945,0.5048986186104348,HR/HR,HR/HR,
1,20,3,4,0.27908140746083687,0.0212263482130982,0.926641485212675,HR/HR,HR/HR,HB/HR
1,20,4,0,0.19495186957514649,0.03057998049011651,0.5828034302294531,HR/HR,HI/HR,n/a
1,20,4,1,0.21578504549513453,0.028461053187112346,0.5372954990779673,HR/HR,HB/HR,
1,20,4,2,0.2603220766888067,0.02778430357242729,0.09994588910961548,HR/HR,HB/HR,
1,20,4,3,0.3412927283247781,0.025931412419035037,1.1180853611831678,HR/HR,HR/HB,
1,20,4,4,0.25367685517210964,0.022793390646515452,0.9681345178330585,HB/HR,HR/HR,n/a
1,20,5,0,0.20228989851445345,0.031213396005679874,0.13060994113940733,HR/HR,HI/HB,n/a
1,20,5,1,0.22873526100039898,0.02929596081788672,0.6593425541799202,HR/HR,HI/HR,
1,20,5,2,0.26056627457020853,0.026908416986865143,0.7679350961511244,HR/HR,HR/HR,
1,20,5,3,0.34748325278348235,0.025880115418480364,1.0134469612544343,HR/HR,HR/HR,
1,20,5,4,0.29822728859039344,0.022984429250161344,0.8785007204880638,HR/HR,HR/HR,n/a
2,10,1,0,0.25912956910515844,0.040917813533982585,0.09159170878669061,HB/HB,HI/HR,n/a
2,10,1,1,0.2565567913002339,0.043735731795148586,0.10185432738360532,HR/HR,HI/HI,
2,10,1,2,0.2695991175387979,0.042850416475110197,0.12288533558060953,HR/HR,HI/HB,
2,10,1,3,0.30002933032527535,0.039431754757733146,0.08817598633458065,HR/HR,HR/HR,
2,10,1,4,0.31965524773066545,0.04138795224848737,0.12289876560002233,HR/HR,HR/HR,
2,10,2,0,0.24935667955428492,0.041227881397575356,0.1033022872531861,HR/HR,HI/HI,n/a
2,10,2,1,0.26340496373106054,0.04404878960447061,0.09975645844115251,HR/HR,HI/HR,
2,10,2,2,0.24393808084709395,0.040219218787754245,0.12423389382953592,HR/HR,HB/HR,
2,10,2,3,0.2962848997343637,0.040687920284932295,0.08725236336208522,HR/HR,HR/HR,
2,10,2,4,0.4071636335156546,0.041172914799186465,0.12211096383105467,HR/HR,HR/HB,
2,10,3,0,0.2808155692372122,0.041025174586539585,0.08875548368686062,HR/HR,HR/HR,n/a
2,10,3,1,0.4528704892851312,0.04458599644305564,0.07953921098563334,HR/HR,HI/HI,
2,10,3,2,0.2817440852492439,0.04041330456504101,0.103260886740429,HR/HR,HI/HR,
2,10,3,3,0.358182187201895,0.04174161162586565,0.14112572093063092,HB/HR,HB/HR,
2,10,3,4,0.3411751329955752,0.04151474013371828,0.15556480145807386,HB/HR,HR/HR,
2,10,4,0,0.2768039179763611,0.04157263880482655,0.09478549393382082,HB/HB,HI/HR,n/a
2,10,4,1,0.23599090395347552,0.04346628199195455,0.08974746672078311,HR/HR,HB/HI,
2,10,4,2,0.22364747531439294,0.0431047001656669,0.1287114271505967,HR/HR,HR/HR,
2,10,4,3,0.2842810970141525,0.04072575569228964,0.13753999015809873,HR/HR,HR/HR,
2,10,4,4,0.3507148693455845,0.04037198395574428,0.13303903351551627,HR/HR,HB/HI,
2,10,5,0,0.284191057750996,0.042338929191880204,0.07524921322493779,HR/HR,HI/HI,n/a
2,10,5,1,0.2867900992641921,0.04457035073468053,0.09613876918440636,HR/HR,HR/HR,
2,10,5,2,0.3625374860621533,0.042841836151570556,0.14130058446390137,HR/HR,HI/HI,
2,10,5,3,0.3891590915084969,0.038441957495613806,0.11676576981917462,HR/HR,HR/HR,
2,10,5,4,0.3831146349319907,0.04001797170570615,0.1705768574682897,HR/HR,HR/HR,
2,20,1,0,0.19965474960090615,0.030668325066379027,0.35614124396497676,HR/HR,HI/HB,n/a
2,20,1,1,0.20925046657158644,0.02861578514293223,0.8648923686008446,HR/HR,HI/HB,
2,20,1,2,0.2604237419166239,0.02751590039754032,0.0906585221994495,HR/HR,HR/HR,
2,20,1,3,0.2667597548581333,0.02457302905966883,0.8515786762523609,HR/HR,HR/HR,
2,20,1,4,0.3352236569825584,0.02248922524172343,1.1000994088151326,HR/HR,HR/HR,HR/HR
2,20,2,0,0.20709397555097994,0.030987309667267038,0.43011120389378293,HR/HR,HI/HI,n/a
2,20,2,1,0.23943851579519004,0.028301149899185037,0.5090848581824496,HR/HR,HI/HB,
2,20,2,2,0.2777836469594127,0.026197346413171795,0.10206206704989088,HR/HR,HB/HR,
2,20,2,3,0.3029862665581861,0.025342559083434142,1.010551616308463,HR/HR,HB/HR,
2,20,2,4,0.582408252472403,0.022672777278629763,0.7690070131636079,HR/HR,HR/HR,n/a
2,20,3,0,0.22858155527359625,0.03176677708717894,0.14161242372249228,HR/HR,HI/HB,n/a
2,20,3,1,0.2353629289071441,0.028233893790777936,0.7700503854407414,HR/HR,HB/HR,
2,20,3,2,0.21092975587083393,0.02602319821778526,0.7788388026582591,HR/HR,HR/HR,
2,20,3,3,0.2382796519102727,0.02689726277057459,0.10051448532103192,HR/HR,HR/HR,
2,20,3,4,0.4118930986379322,0.021153109078503,0.8314225492858335,HR/HR,HR/HR,HR/HR
2,20,4,0,0.20339347592909868,0.03072612375669464,0.1652346427204909,HR/HR,HR/HR,n/a
2,20,4,1,0.21883407425176152,0.028397167274032856,0.7316193338577517,HR/HR,HB/HR,
2,20,4,2,0.277471255550495,0.027517233084687603,0.9030928935465927,HR/HR,HR/HR,
2,20,4,3,0.2716310557976284,0.025277617421815134,0.8588067791589724,HR/HR,HR/HR,
2,20,4,4,0.3806799778332287,0.02289915561982173,0.894452708488308,HB/HR,HR/HR,HB/HR
2,20,5,0,0.16260472488102895,0.031465301911558635,0.23077676036582104,HR/HR,HI/HI,n/a
2,20,5,1,0.23438443844660925,0.02935512199939675,0.5454842104764024,HR/HR,HR/HR,
2,20,5,2,0.2629440850396696,0.026984461020628275,0.9704588469949856,HR/HR,HR/HR,
2,20,5,3,0.3025718506041805,0.02505884006665013,0.9039635384175234,HR/HR,HR/HR,
2,20,5,4,0.41649507594015056,0.02143098588140986,1.2497266177999378,HR/HR,HR/HR,HI/HB
3,10,1,0,0.366234632746953,0.05107187592361472,0.1302932796645642,HR/HR,HR/HB,n/a
3,10,1,1,0.7045561059431799,0.05494923625943828,0.1964068345578496,HR/HR,HR/HR,
3,10,1,2,0.7250139535830098,0.0506172633562589,0.28458623632822677,HR/HR,HR/HR,
3,10,1,3,0.7799394483137282,0.04613719313286247,0.43954814514968543,HR/HR,HR/HR,
3,10,1,4,0.7093457241235658,0.04020090002989241,0.5397555617049568,HR/HR,HR/HR,
3,10,2,0,0.3752250150158855,0.04974080872677024,0.15521419290200583,HR/HR,HI/HR,n/a
3,10,2,1,0.5913842449364407,0.052131683217902625,0.19150180933116073,HR/HR,HR/HB,
3,10,2,2,0.5094836685168259,0.04985483963561685,0.21086435075671295,HR/HR,HR/HR,
3,10,2,3,0.2529170007847549,0.04376994744201858,0.1653933458838385,HR/HR,HR/HR,
3,10,2,4,0.4923701202003071,0.03992394207176656,0.4665320989708639,HR/HR,HR/HR,
3,10,3,0,0.421179009255078,0.04922225220648483,0.21091589876626737,HR/HR,HR/HR,n/a
3,10,3,1,0.5988493492819907,0.06826969662585482,0.22890730117240737,HR/HR,HR/HR,
3,10,3,2,0.6442706166239697,0.05060719497998779,0.3050262515857851,HR/HR,HR/HR,
3,10,3,3,0.7860735044186937,0.04567635894042765,0.36227301275399965,HR/HR,HR/HR,
3,10,3,4,0.6414311178351696,0.040018964685136424,0.6806481801118116,HR/HR,HR/HR,
3,10,4,0,0.2643247750644437,0.0490303529005028,0.08986218386367863,HR/HR,HB/HR,n/a
3,10,4,1,0.5239773626241462,0.060850280824760496,0.3182282778823233,HR/HR,HR/HR,
3,10,4,2,0.5005861957148952,0.0657689683710503,0.42137470919594316,HR/HR,HR/HR,
3,10,4,3,0.3943212221085782,0.05277022150651789,0.3306814584458911,HR/HR,HR/HR,
3,10,4,4,0.2697862911805174,0.04336214382361049,0.5716804250743844,HR/HR,HR/HR,
3,10,5,0,0.3505341306419621,0.05157408566661273,0.11288523574922645,HR/HR,HI/HR,n/a
3,10,5,1,0.5911229974407497,0.05453589887759586,0.2738088346935599,HR/HB,HR/HR,
3,10,5,2,0.5977452719539119,0.0509640769701278,0.20482177201948076,HR/HR,HR/HB,
3,10,5,3,0.6406285277082125,0.04429569744417457,0.3016574162453465,HR/HR,HR/HR,
3,10,5,4,0.7541543309509559,0.04247517354297785,0.5332586340686628,HR/HR,HR/HR,
3,20,1,0,0.3511176198236135,0.04032787313420076,0.4650641101831396,HR/HR,HR/HR,n/a
3,20,1,1,0.5083588103354083,0.03488217817240098,0.7919127480035217,HR/HR,HR/HR,
3,20,1,2,0.4711215216635497,0.03155156264507709,0.8167833896132668,HR/HR,HR/HR,
3,20,1,3,0.7512039825613119,0.026681972016854297,1.010094479586341,HR/HR,HR/HR,
3,20,1,4,0.7916264050504337,0.020106442490715325,0.6605828566339251,HR/HR,HR/HR,HR/HR
3,20,2,0,0.24683308810540444,0.03990790601525988,0.15850203290389803,HR/HR,HR/HR,n/a
3,20,2,1,0.4669483946877625,0.03766994521148667,0.8174209312298851,HR/HR,HR/HR,
3,20,2,2,0.5314304429015752,0.02902717145203613,0.639108086425888,HR/HR,HR/HR,
3,20,2,3,0.528614668778106,0.025892944980946263,0.9066055825489224,HR/HR,HR/HR,
3,20,2,4,0.406886131598507,0.019182035669636048,0.5629133981420232,HR/HR,HR/HR,HR/HR
3,20,3,0,0.3372198135303664,0.039538735451223474,0.649895685188095,HR/HR,HR/HR,n/a
3,20,3,1,0.40600472303752866,0.04011766167416727,1.0007839072257925,HR/HR,HR/HR,
3,20,3,2,0.41478285526358644,0.02729670791078462,0.7053976042265048,HR/HR,HR/HR,
3,20,3,3,0.3435149645196639,0.022743438539338537,0.710799058190229,HR/HR,HR/HR,n/a
3,20,3,4,0.313267230408725,0.016684388222094167,0.3941306492908818,HR/HR,HR/HR,HR/HR
3,20,4,0,0.3449373391639737,0.040265675264606095,0.19825255972703357,HR/HR,HR/HR,n/a
3,20,4,1,0.500636838237078,0.039849370515985874,1.0406800731905326,HR/HR,HR/HR,
3,20,4,2,0.5826428760816099,0.02951690551864152,1.0087704342437238,HR/HR,HR/HR,
3,20,4,3,0.5430057325127232,0.026058905199188714,0.8233170655498699,HR/HR,HR/HR,n/a
3,20,4,4,0.4789769599629957,0.01739800211482732,0.46327492424222555,HR/HR,HR/HR,HR/HR
3,20,5,0,0.3136063074535785,0.0365340439022383,0.12261341629329452,HR/HR,HR/HR,n/a
3,20,5,1,0.4918695754111679,0.03601619537494011,0.6226795346065976,HR/HR,HR/HR,
3,20,5,2,0.40835926699664277,0.02818119168088032,0.7171174334203804,HR/HR,HR/HR,
3,20,5,3,0.44121238535177865,0.027233194756581616,0.7309308739200666,HR/HR,HR/HR,
3,20,5,4,0.49261055634288337,0.019362695981295665,0.725182588818887,HR/HR,HR/HR,HR/HR
